EEG 1,EEG 2,EEG 3,EEG 4,EEG 5,EEG 6,EEG 7,EEG 8,Accelerometer X,Accelerometer Y,Accelerometer Z,Gyroscope X,Gyroscope Y,Gyroscope Z,Battery Level,Counter,Validation Indicator
503.946,171.030,28.495,-102.001,-175.799,-345.174,-309.577,538.717,0.044,0.943,0.437,-1.617,0.061,-1.648,73.333,633.000,1.000
519.442,189.230,33.538,-95.145,-167.909,-334.943,-294.378,575.251,0.045,0.945,0.441,-1.526,0.000,-1.678,73.333,634.000,1.000
538.346,211.452,40.052,-86.884,-158.578,-323.326,-277.895,612.305,0.044,0.947,0.439,-1.282,-0.092,-1.740,73.333,635.000,1.000
570.917,239.376,47.595,-77.729,-148.189,-310.666,-260.228,651.866,0.042,0.949,0.436,-1.099,-0.183,-1.617,73.333,636.000,1.000
601.602,262.845,53.939,-69.625,-138.800,-298.866,-243.495,688.711,0.039,0.951,0.434,-0.916,-0.244,-1.648,73.333,637.000,1.000
626.868,283.991,58.801,-62.501,-130.543,-288.169,-228.079,723.074,0.041,0.954,0.435,-0.824,-0.427,-1.465,73.333,638.000,1.000
657.813,313.951,63.976,-54.808,-121.831,-277.060,-212.414,760.125,0.040,0.958,0.437,-0.854,-0.427,-1.465,73.333,639.000,1.000
692.488,347.311,69.758,-46.824,-112.789,-265.445,-196.470,795.891,0.040,0.958,0.436,-0.824,-0.580,-1.343,73.333,640.000,1.000
716.265,369.492,74.834,-39.876,-104.761,-254.488,-181.436,823.525,0.039,0.958,0.436,-0.824,-0.610,-1.251,73.333,641.000,1.000
728.327,381.754,79.320,-33.414,-97.161,-243.877,-166.805,845.696,0.037,0.959,0.438,-0.885,-0.793,-1.129,73.333,642.000,1.000
745.455,398.641,84.437,-26.061,-88.511,-232.489,-151.363,869.496,0.038,0.960,0.435,-0.885,-0.946,-1.099,73.333,643.000,1.000
771.838,423.863,89.365,-18.824,-79.984,-221.329,-136.177,895.283,0.037,0.960,0.435,-0.977,-1.038,-1.068,73.333,644.000,1.000
797.470,448.676,91.713,-14.202,-74.214,-212.671,-123.575,918.710,0.039,0.960,0.432,-1.007,-0.946,-1.007,73.333,645.000,1.000
821.512,471.504,92.045,-11.589,-70.337,-205.785,-112.930,941.802,0.042,0.962,0.431,-1.129,-1.007,-0.977,73.333,646.000,1.000
850.685,498.326,94.144,-7.151,-64.409,-197.056,-100.644,970.164,0.043,0.962,0.435,-1.343,-1.160,-0.946,73.333,647.000,1.000
878.760,526.667,99.720,0.868,-54.963,-184.948,-85.039,1002.071,0.042,0.963,0.433,-1.617,-1.129,-0.793,73.333,648.000,1.000
893.645,548.152,106.958,10.534,-44.015,-171.193,-67.929,1031.742,0.041,0.963,0.437,-1.953,-1.099,-0.610,73.333,649.000,1.000
905.814,566.629,113.724,19.531,-33.743,-157.833,-51.561,1059.460,0.041,0.960,0.434,-2.106,-1.068,-0.610,73.333,650.000,1.000
928.804,591.159,119.131,27.104,-24.938,-145.672,-36.611,1088.428,0.041,0.958,0.430,-2.197,-1.007,-0.549,73.333,651.000,1.000
954.199,617.568,123.753,34.121,-16.786,-134.094,-22.223,1117.129,0.041,0.957,0.431,-2.319,-1.068,-0.549,73.333,652.000,1.000
973.903,637.715,128.623,41.589,-8.120,-122.290,-7.575,1143.309,0.041,0.957,0.431,-2.197,-1.068,-0.458,73.333,653.000,1.000
992.043,653.400,133.363,48.858,0.600,-110.817,6.742,1167.326,0.042,0.956,0.435,-2.045,-1.099,-0.305,73.333,654.000,1.000
1010.406,669.512,137.344,55.205,8.567,-100.156,20.237,1188.206,0.043,0.955,0.437,-2.045,-1.099,-0.275,73.333,655.000,1.000
1019.410,682.964,140.722,60.928,15.789,-90.026,33.074,1202.839,0.047,0.956,0.440,-2.106,-1.068,-0.122,73.333,656.000,1.000
1017.659,690.333,143.471,66.048,22.220,-80.523,44.985,1211.204,0.047,0.954,0.439,-2.075,-1.007,0.122,73.333,657.000,1.000
1022.131,697.577,145.743,70.602,28.145,-71.441,56.105,1219.639,0.048,0.952,0.440,-2.136,-1.007,0.275,73.333,658.000,1.000
1037.979,707.946,148.041,75.114,34.213,-62.132,67.239,1233.143,0.045,0.951,0.442,-2.106,-0.916,0.397,73.333,659.000,1.000
1052.108,717.840,151.436,80.867,41.520,-51.634,79.582,1250.499,0.044,0.953,0.440,-1.953,-0.885,0.549,73.333,660.000,1.000
1058.071,727.745,156.514,88.493,50.507,-39.664,93.466,1268.284,0.042,0.955,0.438,-1.770,-0.916,0.580,73.333,661.000,1.000
1061.755,738.960,160.504,94.997,58.261,-29.015,105.988,1280.334,0.041,0.955,0.438,-1.617,-1.038,0.549,73.333,662.000,1.000
1064.290,746.171,160.736,97.551,62.125,-22.025,114.650,1282.876,0.043,0.958,0.439,-1.617,-1.099,0.580,73.333,663.000,1.000
1058.611,744.270,159.334,98.390,64.314,-16.429,121.618,1281.289,0.044,0.958,0.440,-1.648,-1.160,0.610,73.333,664.000,1.000
1051.123,739.213,158.976,100.348,67.592,-9.847,129.488,1281.232,0.042,0.955,0.440,-1.617,-1.129,0.580,73.333,665.000,1.000
1056.815,743.032,159.418,103.208,71.720,-2.728,138.113,1283.736,0.044,0.954,0.440,-1.587,-1.221,0.519,73.333,666.000,1.000
1074.469,757.395,160.745,107.059,76.685,5.287,147.577,1290.717,0.047,0.951,0.438,-1.617,-1.312,0.427,73.333,667.000,1.000
1087.878,770.352,163.372,112.183,82.839,14.836,157.982,1300.851,0.050,0.948,0.434,-1.465,-1.251,0.488,73.333,668.000,1.000
1088.527,773.135,165.643,116.717,88.647,24.005,167.637,1307.095,0.050,0.949,0.434,-1.404,-1.160,0.519,73.333,669.000,1.000
1086.623,771.810,166.632,119.888,93.388,31.642,176.025,1308.106,0.049,0.950,0.436,-1.343,-1.129,0.488,73.333,670.000,1.000
1087.746,772.703,167.333,122.942,98.017,38.929,184.252,1309.272,0.050,0.949,0.434,-1.373,-1.160,0.336,73.333,671.000,1.000
1088.100,774.305,167.961,125.955,102.427,46.203,192.209,1313.162,0.049,0.950,0.436,-1.404,-0.977,0.336,73.333,672.000,1.000
1094.159,780.593,168.683,128.945,106.652,53.499,199.990,1320.548,0.052,0.949,0.438,-1.434,-0.946,0.244,73.333,673.000,1.000
1109.314,795.963,170.411,133.081,111.920,61.810,208.829,1330.359,0.050,0.951,0.437,-1.434,-0.885,0.122,73.333,674.000,1.000
1119.850,810.184,172.788,138.135,118.108,70.926,218.456,1336.063,0.050,0.953,0.437,-1.465,-0.702,0.000,73.333,675.000,1.000
1113.276,810.190,174.108,141.956,123.186,78.859,226.698,1332.753,0.048,0.952,0.440,-1.434,-0.610,-0.122,73.333,676.000,1.000
1100.367,801.321,173.792,143.613,126.238,84.698,232.582,1324.958,0.051,0.956,0.435,-1.312,-0.580,-0.183,73.333,677.000,1.000
1099.446,799.570,173.057,144.637,128.628,89.776,237.598,1321.180,0.052,0.960,0.433,-1.343,-0.519,-0.214,73.333,678.000,1.000
1104.028,805.730,172.182,145.740,130.931,94.727,242.573,1321.245,0.055,0.959,0.434,-1.587,-0.427,-0.061,73.333,679.000,1.000
1100.931,809.378,170.339,146.062,132.412,98.937,246.809,1318.770,0.056,0.954,0.432,-1.770,-0.244,0.153,73.333,680.000,1.000
1098.232,810.831,168.465,146.268,133.945,103.271,250.929,1314.447,0.054,0.949,0.438,-1.709,-0.092,0.305,73.333,681.000,1.000
1105.779,815.705,168.615,148.370,137.518,109.557,256.744,1312.589,0.051,0.943,0.437,-1.617,0.000,0.580,73.333,682.000,1.000
1111.861,820.134,171.145,152.933,143.476,118.067,264.713,1311.614,0.049,0.941,0.438,-1.556,0.000,0.671,73.333,683.000,1.000
1103.126,818.418,174.313,158.312,150.014,127.172,273.273,1307.431,0.045,0.941,0.437,-1.251,0.153,0.732,73.333,684.000,1.000
1087.959,812.136,175.818,162.038,154.736,134.636,280.070,1298.917,0.047,0.947,0.433,-0.946,0.061,0.702,73.333,685.000,1.000
1072.393,801.269,174.470,162.752,156.449,139.079,283.722,1286.219,0.044,0.953,0.434,-0.763,0.092,0.641,73.333,686.000,1.000
1048.975,783.050,171.620,161.790,156.549,141.704,285.559,1269.002,0.040,0.957,0.438,-0.946,0.000,0.549,73.333,687.000,1.000
1022.066,764.223,170.106,162.043,157.959,145.592,288.589,1251.082,0.039,0.956,0.433,-1.099,-0.244,0.366,73.333,688.000,1.000
1007.079,756.991,170.627,164.301,161.501,151.715,293.586,1240.384,0.039,0.954,0.430,-1.282,-0.336,0.275,73.333,689.000,1.000
1004.140,759.052,171.222,166.823,165.188,158.035,298.602,1236.769,0.040,0.952,0.434,-1.282,-0.641,0.214,73.333,690.000,1.000
992.140,753.069,170.139,167.964,167.062,162.554,301.937,1228.968,0.039,0.951,0.434,-1.221,-0.946,0.092,73.333,691.000,1.000
966.342,736.763,167.774,167.789,167.469,165.463,303.842,1213.324,0.041,0.955,0.436,-1.160,-1.099,0.000,73.333,692.000,1.000
951.605,729.805,166.562,168.355,168.952,169.136,306.582,1201.664,0.041,0.959,0.429,-1.221,-1.404,-0.214,73.333,693.000,1.000
953.059,735.052,167.552,170.808,172.541,174.822,311.291,1197.230,0.045,0.960,0.431,-1.343,-1.465,-0.397,73.333,694.000,1.000
945.262,730.609,167.756,172.492,175.206,179.788,314.955,1185.199,0.049,0.963,0.428,-1.495,-1.648,-0.305,73.333,695.000,1.000
920.948,712.350,164.160,170.541,174.123,181.035,314.407,1160.467,0.051,0.966,0.431,-1.740,-1.678,-0.275,73.333,696.000,1.000
901.411,700.526,158.580,166.697,171.270,180.218,311.725,1136.173,0.054,0.967,0.431,-2.014,-1.678,-0.092,73.333,697.000,1.000
891.202,699.646,155.543,165.366,171.005,181.790,311.894,1120.272,0.056,0.964,0.432,-2.319,-1.617,-0.031,73.333,698.000,1.000
874.061,695.592,156.555,167.965,174.520,187.233,316.204,1108.976,0.055,0.960,0.434,-2.441,-1.617,0.092,73.333,699.000,1.000
855.078,687.544,159.010,171.833,179.178,193.914,321.414,1098.735,0.057,0.957,0.432,-2.686,-1.465,0.092,73.333,700.000,1.000
846.006,682.736,159.331,173.470,181.714,198.419,323.959,1086.908,0.059,0.957,0.437,-2.747,-1.221,0.092,73.333,701.000,1.000
833.650,673.432,155.439,170.957,180.251,198.795,322.173,1066.728,0.062,0.959,0.440,-2.808,-1.099,0.183,73.333,702.000,1.000
804.984,650.103,148.918,165.902,176.186,196.390,317.674,1036.800,0.062,0.960,0.441,-2.930,-0.885,0.092,73.333,703.000,1.000
773.517,624.131,143.762,162.192,173.245,195.010,314.362,1008.994,0.062,0.957,0.436,-2.991,-0.702,0.092,73.333,704.000,1.000
756.388,611.255,140.986,160.719,172.439,195.889,313.258,991.945,0.063,0.954,0.436,-2.991,-0.549,0.000,73.333,705.000,1.000
743.814,606.461,138.816,159.703,172.139,197.424,312.510,979.681,0.062,0.951,0.438,-2.838,-0.336,-0.031,73.333,706.000,1.000
724.944,600.650,137.724,159.774,172.915,199.977,312.671,967.159,0.061,0.951,0.442,-2.777,-0.031,-0.153,73.333,707.000,1.000
710.136,596.105,139.038,162.337,176.103,204.847,315.332,956.900,0.059,0.951,0.442,-2.563,0.183,-0.275,73.333,708.000,1.000
701.841,590.974,140.811,165.323,179.686,210.145,318.532,946.596,0.061,0.949,0.443,-2.533,0.305,-0.366,73.333,709.000,1.000
689.624,579.384,140.616,166.239,181.252,213.364,319.460,929.989,0.057,0.948,0.443,-2.228,0.427,-0.488,73.333,710.000,1.000
674.004,567.509,139.084,165.788,181.559,215.072,318.344,909.957,0.056,0.950,0.440,-1.984,0.549,-0.580,73.333,711.000,1.000
663.634,563.388,137.268,165.114,181.599,216.419,316.216,893.432,0.053,0.953,0.441,-1.740,0.671,-0.732,73.333,712.000,1.000
648.673,555.499,134.217,163.252,180.183,216.449,312.692,875.806,0.052,0.951,0.442,-1.587,0.671,-0.824,73.333,713.000,1.000
614.638,532.254,129.238,159.368,176.615,214.345,307.808,849.497,0.050,0.950,0.437,-1.434,0.671,-0.946,73.333,714.000,1.000
582.775,510.062,124.133,155.220,172.891,211.974,302.815,821.695,0.047,0.952,0.439,-1.404,0.732,-0.885,73.333,715.000,1.000
579.494,506.786,121.401,153.471,171.581,212.055,296.646,803.691,0.048,0.950,0.439,-1.251,0.519,-0.854,73.333,716.000,1.000
591.104,511.640,121.262,154.331,172.814,214.744,285.095,791.618,0.045,0.950,0.440,-1.038,0.610,-0.793,73.333,717.000,1.000
590.139,507.374,121.577,155.421,174.371,217.576,270.617,775.338,0.043,0.948,0.437,-0.977,0.458,-0.702,73.333,718.000,1.000
575.884,497.727,120.056,154.481,174.081,218.245,256.280,755.961,0.041,0.949,0.438,-0.793,0.275,-0.519,73.333,719.000,1.000
564.501,492.365,116.861,152.002,172.359,217.256,163.646,739.552,0.040,0.950,0.439,-0.641,0.061,-0.488,73.333,720.000,1.000
553.370,483.810,114.308,150.367,171.522,217.048,-218.143,723.842,0.039,0.951,0.439,-0.702,-0.183,-0.336,73.333,721.000,1.000
532.458,463.140,112.373,149.273,171.111,217.367,-958.327,701.915,0.041,0.951,0.440,-0.854,-0.397,-0.122,73.333,722.000,1.000
511.257,440.292,108.199,145.746,167.857,215.154,-1658.677,673.268,0.043,0.953,0.439,-0.977,-0.580,0.000,73.333,723.000,1.000
498.384,426.889,101.277,139.384,161.558,209.878,-1864.168,643.187,0.043,0.952,0.439,-1.007,-0.641,0.031,73.333,724.000,1.000
482.206,415.162,94.355,132.965,155.626,204.404,-1810.942,613.376,0.045,0.954,0.440,-1.099,-0.854,0.153,73.333,725.000,1.000
453.254,396.403,90.381,129.441,152.880,201.905,-2159.691,586.368,0.046,0.955,0.440,-1.282,-0.977,0.427,73.333,726.000,1.000
431.022,385.747,90.975,130.562,154.300,204.130,-2975.867,572.473,0.048,0.956,0.440,-1.495,-1.099,0.549,73.333,727.000,1.000
433.370,394.839,94.032,134.294,157.902,208.859,-3612.044,571.634,0.048,0.953,0.439,-1.709,-1.190,0.702,73.333,728.000,1.000
436.809,401.177,93.737,134.601,158.338,210.039,-3678.206,562.619,0.050,0.951,0.439,-1.892,-1.251,0.671,73.333,729.000,1.000
416.243,383.575,87.689,128.879,153.020,205.141,-3563.697,532.038,0.052,0.949,0.437,-1.953,-1.251,0.580,73.333,730.000,1.000
385.796,357.517,79.902,121.305,145.693,198.239,-3800.944,493.868,0.055,0.950,0.436,-1.862,-1.251,0.549,73.333,731.000,1.000
365.232,342.671,73.662,115.410,139.849,192.799,-4332.139,462.970,0.058,0.949,0.437,-1.709,-1.312,0.549,73.333,732.000,1.000
345.986,331.086,68.552,110.726,135.202,188.574,-4697.537,436.333,0.061,0.954,0.438,-1.587,-1.068,0.549,73.333,733.000,1.000
321.395,316.044,65.326,107.834,132.426,186.322,-4707.593,412.952,0.060,0.954,0.440,-1.526,-0.946,0.366,73.333,734.000,1.000
310.229,310.942,65.660,108.430,133.182,187.586,-4613.664,401.472,0.058,0.958,0.440,-1.556,-0.916,0.275,73.333,735.000,1.000
314.540,316.870,67.379,110.373,135.173,190.059,-4683.836,399.356,0.057,0.957,0.441,-1.556,-0.824,0.122,73.333,736.000,1.000
311.458,316.115,66.654,109.632,134.386,189.796,-4876.511,390.862,0.056,0.955,0.442,-1.709,-0.702,0.031,73.333,737.000,1.000
296.936,304.397,63.361,106.228,130.969,186.846,-4994.154,369.933,0.056,0.955,0.440,-1.709,-0.580,0.000,73.333,738.000,1.000
285.786,294.093,59.909,103.101,127.748,183.909,-4980.020,345.838,0.059,0.953,0.436,-1.617,-0.458,-0.122,73.333,739.000,1.000
281.407,289.898,57.796,101.608,126.047,182.223,-4932.929,326.519,0.060,0.952,0.434,-1.434,-0.305,-0.244,73.333,740.000,1.000
271.538,283.812,56.944,101.024,125.479,181.362,-4918.416,310.841,0.061,0.956,0.433,-1.282,-0.183,-0.153,73.333,741.000,1.000
253.373,272.198,56.158,100.168,124.961,180.490,-4904.620,295.626,0.058,0.959,0.438,-1.251,0.031,-0.153,73.333,742.000,1.000
238.174,260.158,54.109,98.141,123.150,178.643,-4866.729,280.111,0.055,0.961,0.438,-1.251,0.092,-0.183,73.333,743.000,1.000
225.839,248.595,50.183,94.326,119.142,174.911,-4835.556,262.999,0.054,0.962,0.437,-1.434,0.122,-0.275,73.333,744.000,1.000
206.803,232.412,45.119,89.262,113.757,169.752,-4814.030,241.794,0.054,0.959,0.437,-1.556,0.061,-0.244,73.333,745.000,1.000
184.424,214.428,41.004,85.070,109.425,165.412,-4739.163,219.314,0.054,0.953,0.436,-1.648,-0.031,-0.183,73.333,746.000,1.000
171.123,204.019,39.160,83.113,107.438,163.323,-4585.577,202.505,0.051,0.947,0.435,-1.709,-0.153,-0.092,73.333,747.000,1.000
159.451,194.165,38.477,82.190,106.497,162.282,-4440.256,189.166,0.048,0.943,0.434,-1.709,-0.153,-0.153,73.333,748.000,1.000
133.541,171.492,37.519,80.925,105.285,160.934,-4388.018,171.768,0.045,0.944,0.434,-1.526,-0.397,-0.336,73.333,749.000,1.000
107.390,146.219,36.544,79.682,104.130,159.626,-4364.915,152.483,0.040,0.944,0.433,-1.312,-0.671,-0.458,73.333,750.000,1.000
94.503,131.518,35.223,78.007,102.434,157.789,-4234.183,134.736,0.041,0.947,0.434,-1.312,-0.854,-0.519,73.333,751.000,1.000
79.761,119.301,32.170,74.499,98.755,153.918,-3992.119,113.642,0.041,0.948,0.431,-1.160,-1.038,-0.580,73.333,752.000,1.000
56.391,101.031,27.686,69.717,93.712,148.584,-3791.581,87.053,0.044,0.949,0.431,-1.038,-1.251,-0.732,73.333,753.000,1.000
36.027,79.954,22.921,64.850,88.546,143.050,-3734.310,58.939,0.047,0.952,0.432,-1.007,-1.434,-0.793,73.333,754.000,1.000
22.674,60.030,18.704,60.489,83.887,138.039,-3716.219,33.254,0.051,0.956,0.432,-0.916,-1.587,-0.854,73.333,755.000,1.000
9.185,43.351,16.291,57.831,80.963,134.842,-3556.682,13.910,0.053,0.958,0.432,-0.854,-1.495,-0.732,73.333,756.000,1.000
-5.664,31.288,14.983,56.312,79.196,132.753,-3254.581,0.024,0.056,0.959,0.433,-0.854,-1.495,-0.519,73.333,757.000,1.000
-16.258,22.348,12.005,53.147,75.841,128.873,-3002.853,-14.560,0.059,0.960,0.435,-0.977,-1.465,-0.336,73.333,758.000,1.000
-22.262,16.710,7.745,48.648,71.212,123.622,-2920.449,-29.347,0.061,0.960,0.433,-1.068,-1.343,-0.214,73.333,759.000,1.000
-29.937,13.672,5.235,45.793,68.143,119.982,-2884.117,-41.185,0.059,0.959,0.433,-1.068,-1.251,-0.183,73.333,760.000,1.000
-45.552,6.518,3.832,43.897,65.903,117.163,-2701.659,-55.280,0.058,0.960,0.434,-1.160,-1.068,-0.122,73.333,761.000,1.000
-63.885,-5.637,0.896,40.460,62.103,112.780,-2378.314,-74.983,0.057,0.962,0.434,-1.129,-0.885,-0.092,73.333,762.000,1.000
-79.135,-17.466,-2.433,36.692,58.036,108.278,-2110.577,-94.334,0.058,0.961,0.434,-1.343,-0.732,-0.122,73.333,763.000,1.000
-98.744,-29.230,-4.156,34.362,55.496,105.406,-2017.586,-109.643,0.058,0.959,0.436,-1.556,-0.580,-0.061,73.333,764.000,1.000
-119.198,-40.090,-5.370,32.415,53.409,102.817,-1974.557,-123.681,0.056,0.959,0.436,-1.556,-0.427,0.000,73.333,765.000,1.000
-124.608,-43.711,-7.149,30.156,51.007,99.703,-1782.511,-136.703,0.056,0.960,0.435,-1.556,-0.366,-0.092,73.333,766.000,1.000
-118.390,-42.074,-8.220,28.848,49.440,97.443,-1423.697,-147.558,0.053,0.957,0.435,-1.587,-0.336,-0.153,73.333,767.000,1.000
-122.203,-47.918,-7.662,29.058,49.266,96.615,-1035.040,-161.347,0.051,0.957,0.436,-1.648,-0.275,-0.153,73.333,768.000,1.000
-140.522,-63.015,-7.245,28.929,48.824,95.520,-715.028,-181.819,0.051,0.956,0.435,-1.740,-0.122,-0.336,73.333,769.000,1.000
-156.275,-76.450,-9.222,26.354,46.098,92.251,-461.015,-205.106,0.053,0.955,0.432,-1.740,-0.031,-0.397,73.333,770.000,1.000
-169.123,-89.417,-13.285,21.702,41.181,86.762,-184.146,-230.358,0.054,0.953,0.431,-1.678,-0.183,-0.397,73.333,771.000,1.000
-189.304,-108.271,-17.049,17.303,36.309,81.025,218.578,-259.174,0.052,0.951,0.434,-1.801,-0.336,-0.458,73.333,772.000,1.000
-205.235,-123.116,-18.566,15.130,33.781,77.449,690.091,-283.742,0.050,0.948,0.434,-1.770,-0.366,-0.519,73.333,773.000,1.000
-202.392,-121.769,-17.945,15.262,33.667,76.417,1064.149,-295.436,0.047,0.950,0.431,-1.678,-0.488,-0.610,73.333,774.000,1.000
-190.999,-111.520,-16.475,16.394,34.306,76.409,1363.705,-299.854,0.046,0.950,0.430,-1.556,-0.458,-0.641,73.333,775.000,1.000
-194.160,-110.671,-15.646,16.729,34.015,75.578,1776.544,-309.807,0.047,0.950,0.429,-1.526,-0.458,-0.732,73.333,776.000,1.000
-215.677,-125.525,-17.438,14.163,31.149,71.946,2301.150,-331.147,0.048,0.948,0.430,-1.404,-0.702,-0.763,73.333,777.000,1.000
-241.637,-149.345,-22.774,7.991,24.987,64.767,2707.660,-360.679,0.051,0.946,0.433,-1.465,-0.854,-0.763,73.333,778.000,1.000
-266.987,-175.344,-29.639,0.428,17.195,56.141,2893.250,-391.368,0.051,0.947,0.432,-1.404,-0.885,-0.549,73.333,779.000,1.000
-288.327,-196.068,-34.167,-4.720,11.382,49.888,3046.369,-414.994,0.051,0.948,0.431,-1.434,-0.977,-0.549,73.333,780.000,1.000
-292.912,-201.025,-34.486,-5.679,9.757,47.789,3374.521,-423.913,0.050,0.951,0.432,-1.404,-1.099,-0.275,73.333,781.000,1.000
-281.266,-192.932,-33.260,-5.085,9.989,47.146,3813.485,-421.591,0.052,0.954,0.431,-1.526,-1.099,-0.244,73.333,782.000,1.000
-278.834,-193.275,-33.656,-6.105,8.772,44.859,4130.539,-423.582,0.052,0.956,0.432,-1.648,-1.129,-0.305,73.333,783.000,1.000
-297.490,-209.315,-35.086,-8.205,6.439,41.526,4252.940,-436.220,0.052,0.954,0.435,-1.862,-1.038,-0.275,73.333,784.000,1.000
-315.356,-224.033,-36.319,-10.091,4.121,38.329,4349.911,-451.259,0.050,0.954,0.436,-1.831,-1.099,-0.214,73.333,785.000,1.000
-320.104,-229.971,-38.175,-12.451,1.109,34.554,4582.577,-462.575,0.051,0.956,0.435,-1.892,-1.129,-0.183,73.333,786.000,1.000
-320.737,-233.148,-40.416,-15.096,-2.137,30.566,4897.561,-469.069,0.051,0.957,0.435,-1.831,-1.190,-0.214,73.333,787.000,1.000
-317.415,-231.764,-40.688,-15.888,-3.274,28.616,5125.283,-467.772,0.052,0.960,0.434,-1.953,-1.129,-0.244,73.333,788.000,1.000
-304.220,-221.621,-38.764,-14.718,-2.388,28.645,5213.038,-458.306,0.053,0.957,0.434,-2.075,-1.160,-0.336,73.333,789.000,1.000
-289.858,-212.825,-37.520,-14.381,-2.461,27.683,5278.673,-449.890,0.053,0.955,0.431,-2.136,-1.129,-0.366,73.333,790.000,1.000
-289.729,-216.585,-38.117,-15.807,-4.210,24.954,5440.028,-450.026,0.052,0.953,0.432,-2.228,-1.068,-0.549,73.333,791.000,1.000
-298.836,-224.912,-38.872,-17.180,-5.685,22.400,5660.920,-453.378,0.049,0.951,0.431,-2.136,-1.190,-0.549,73.333,792.000,1.000
-303.215,-229.002,-39.695,-18.587,-7.250,19.755,5807.282,-456.319,0.051,0.951,0.431,-2.136,-1.160,-0.580,73.333,793.000,1.000
-304.475,-232.590,-42.107,-21.716,-10.810,15.249,5832.030,-462.864,0.051,0.951,0.433,-1.892,-1.160,-0.763,73.333,794.000,1.000
-303.983,-233.935,-44.318,-24.664,-14.285,10.970,5839.068,-467.614,0.050,0.952,0.432,-1.953,-1.129,-0.885,73.333,795.000,1.000
-293.565,-224.291,-42.938,-23.916,-13.918,10.493,5937.422,-458.433,0.049,0.954,0.434,-1.892,-1.190,-0.885,73.333,796.000,1.000
-274.609,-207.531,-39.349,-20.967,-11.235,12.218,6092.952,-439.461,0.047,0.955,0.434,-1.923,-1.282,-0.885,73.333,797.000,1.000
-267.682,-202.959,-37.882,-20.310,-10.857,11.697,6184.700,-428.007,0.045,0.955,0.436,-1.740,-1.282,-1.068,73.333,798.000,1.000
-284.835,-218.358,-39.896,-23.243,-14.048,7.739,6172.241,-429.655,0.044,0.958,0.437,-1.801,-1.465,-1.038,73.333,799.000,1.000
-307.650,-239.646,-43.718,-27.911,-19.003,2.023,6135.282,-437.115,0.045,0.959,0.438,-1.831,-1.495,-1.007,73.333,800.000,1.000
-318.137,-254.166,-47.161,-32.052,-23.643,-3.457,6155.722,-443.178,0.044,0.958,0.436,-1.984,-1.556,-1.038,73.333,801.000,1.000
-321.166,-262.427,-49.030,-34.552,-26.716,-7.379,6218.159,-444.007,0.045,0.955,0.435,-2.014,-1.465,-0.885,73.333,802.000,1.000
-328.076,-270.031,-49.919,-36.102,-28.617,-10.038,6244.762,-441.472,0.047,0.956,0.434,-2.045,-1.556,-0.824,73.333,803.000,1.000
-337.676,-275.500,-50.638,-37.410,-30.152,-12.322,6204.952,-438.567,0.049,0.956,0.435,-2.014,-1.678,-0.671,73.333,804.000,1.000
-344.023,-276.966,-50.786,-37.948,-31.105,-14.135,6148.992,-435.534,0.049,0.957,0.434,-2.014,-1.648,-0.671,73.333,805.000,1.000
-358.123,-285.757,-50.243,-37.803,-31.599,-15.451,6127.946,-435.733,0.049,0.959,0.433,-2.045,-1.617,-0.519,73.333,806.000,1.000
-388.765,-308.475,-49.403,-37.725,-32.097,-16.597,6127.463,-442.081,0.051,0.962,0.432,-2.106,-1.526,-0.458,73.333,807.000,1.000
-426.721,-338.135,-48.601,-38.004,-32.643,-17.821,6096.594,-452.228,0.051,0.958,0.431,-2.228,-1.495,-0.275,73.333,808.000,1.000
-478.031,-379.907,-49.141,-39.480,-34.222,-20.317,6012.417,-468.665,0.051,0.958,0.434,-2.258,-1.465,-0.214,73.333,809.000,1.000
-591.305,-472.921,-52.107,-43.057,-37.967,-25.105,5892.660,-510.198,0.051,0.956,0.432,-2.380,-1.404,0.000,73.333,810.000,1.000
-816.512,-657.297,-56.233,-47.748,-42.836,-30.960,5760.130,-594.660,0.051,0.956,0.433,-2.411,-1.373,0.183,73.333,811.000,1.000
-1091.081,-881.122,-58.563,-50.689,-46.033,-34.980,5632.225,-694.406,0.051,0.951,0.433,-2.319,-1.129,0.183,73.333,812.000,1.000
-1249.023,-1007.905,-56.900,-49.483,-45.459,-34.945,5528.493,-744.632,0.052,0.952,0.433,-2.167,-1.038,0.214,73.333,813.000,1.000
-1218.171,-977.071,-51.991,-44.951,-41.748,-31.671,5452.765,-721.767,0.051,0.953,0.435,-2.075,-0.946,0.183,73.333,814.000,1.000
-1079.581,-856.831,-46.728,-40.286,-37.495,-28.198,5393.537,-663.167,0.051,0.951,0.435,-1.892,-0.885,0.183,73.333,815.000,1.000
-912.673,-714.518,-42.891,-37.279,-34.425,-26.227,5350.824,-598.917,0.048,0.950,0.434,-1.923,-0.763,0.153,73.333,816.000,1.000
-740.206,-567.633,-40.337,-35.490,-32.656,-25.349,5321.927,-531.960,0.049,0.948,0.434,-1.831,-0.793,0.183,73.333,817.000,1.000
-606.165,-452.708,-39.062,-34.750,-32.285,-25.583,5275.002,-478.034,0.049,0.949,0.435,-1.587,-0.793,-0.031,73.333,818.000,1.000
-545.646,-400.255,-39.246,-35.401,-33.349,-27.425,5186.595,-452.675,0.049,0.947,0.435,-1.343,-0.671,-0.092,73.333,819.000,1.000
-507.280,-368.591,-39.920,-36.650,-34.845,-29.911,5080.706,-436.014,0.051,0.948,0.437,-1.312,-0.732,-0.183,73.333,820.000,1.000
-423.447,-300.060,-40.790,-38.126,-36.562,-32.347,4990.729,-401.622,0.052,0.951,0.434,-1.190,-0.641,-0.122,73.333,821.000,1.000
-306.116,-202.759,-43.281,-41.089,-39.873,-36.053,4912.993,-356.663,0.055,0.952,0.435,-1.160,-0.641,-0.061,73.333,822.000,1.000
-213.223,-126.088,-46.834,-44.996,-44.134,-40.875,4825.815,-322.094,0.055,0.952,0.436,-1.160,-0.702,-0.031,73.333,823.000,1.000
-163.408,-85.362,-48.123,-46.764,-46.156,-43.725,4726.712,-296.675,0.056,0.952,0.435,-1.160,-0.732,-0.031,73.333,824.000,1.000
-125.856,-54.027,-46.733,-46.079,-45.644,-43.926,4624.126,-269.337,0.054,0.954,0.435,-1.160,-0.519,-0.092,73.333,825.000,1.000
-73.884,-9.815,-46.194,-46.245,-45.951,-44.810,4518.531,-240.607,0.054,0.952,0.434,-1.068,-0.549,-0.061,73.333,826.000,1.000
-6.633,47.514,-47.229,-47.831,-47.744,-47.313,4412.434,-211.805,0.055,0.954,0.431,-1.190,-0.549,0.061,73.333,827.000,1.000
55.710,99.050,-46.573,-47.665,-47.990,-48.295,4310.752,-182.371,0.054,0.956,0.429,-1.221,-0.549,-0.061,73.333,828.000,1.000
89.666,125.896,-43.092,-44.630,-45.443,-46.364,4208.769,-156.095,0.052,0.957,0.429,-1.282,-0.397,-0.061,73.333,829.000,1.000
104.779,136.806,-39.558,-41.429,-42.560,-44.123,4098.132,-133.449,0.053,0.957,0.432,-1.343,-0.336,-0.092,73.333,830.000,1.000
135.060,157.139,-38.781,-40.964,-42.319,-44.522,3977.406,-109.833,0.053,0.959,0.431,-1.434,-0.366,-0.183,73.333,831.000,1.000
186.100,190.855,-40.308,-42.904,-44.538,-47.245,3851.619,-85.636,0.050,0.962,0.433,-1.617,-0.336,-0.275,73.333,832.000,1.000
219.286,211.004,-41.301,-44.379,-46.216,-49.494,3725.449,-68.587,0.047,0.963,0.430,-1.892,-0.336,-0.336,73.333,833.000,1.000
214.791,205.323,-40.303,-43.841,-45.696,-49.771,3601.547,-59.042,0.046,0.962,0.431,-2.136,-0.397,-0.366,73.333,834.000,1.000
209.278,200.154,-38.677,-42.588,-44.457,-49.245,3479.133,-46.865,0.050,0.963,0.432,-2.258,-0.549,-0.519,73.333,835.000,1.000
231.812,216.045,-38.107,-42.292,-44.372,-49.634,3352.028,-27.960,0.050,0.960,0.431,-2.411,-0.549,-0.397,73.333,836.000,1.000
264.844,240.785,-38.387,-42.850,-45.299,-51.091,3218.917,-7.963,0.053,0.958,0.430,-2.533,-0.641,-0.305,73.333,837.000,1.000
280.380,251.100,-38.798,-43.692,-46.479,-52.847,3085.703,5.202,0.056,0.954,0.433,-2.655,-0.702,-0.214,73.333,838.000,1.000
273.520,241.352,-39.667,-45.123,-48.062,-54.780,2953.091,8.004,0.060,0.951,0.432,-2.808,-0.549,-0.244,73.333,839.000,1.000
257.166,223.459,-41.257,-47.207,-50.136,-57.142,2813.504,4.038,0.060,0.949,0.430,-2.899,-0.458,-0.031,73.333,840.000,1.000
238.194,206.242,-42.988,-49.291,-52.303,-59.771,2663.142,0.413,0.059,0.949,0.428,-2.960,-0.336,0.031,73.333,841.000,1.000
222.005,193.680,-43.883,-50.470,-53.834,-61.824,2513.155,3.680,0.054,0.951,0.432,-2.991,-0.183,-0.031,73.333,842.000,1.000
216.717,187.501,-43.265,-50.048,-53.904,-62.385,2377.622,13.453,0.051,0.954,0.437,-2.899,-0.183,-0.061,73.333,843.000,1.000
219.921,186.720,-40.725,-47.694,-51.909,-60.868,2256.220,25.445,0.051,0.957,0.437,-3.113,-0.275,-0.183,73.333,844.000,1.000
222.977,189.510,-35.933,-43.354,-47.677,-56.971,2137.545,40.233,0.045,0.953,0.439,-3.357,-0.244,-0.275,73.333,845.000,1.000
222.536,192.328,-30.954,-39.024,-43.417,-52.795,2010.010,57.008,0.044,0.947,0.434,-3.571,-0.427,-0.397,73.333,846.000,1.000
221.389,192.263,-29.419,-37.883,-42.514,-51.978,1871.581,67.925,0.042,0.940,0.438,-3.265,-0.549,-0.488,73.333,847.000,1.000
208.379,179.511,-31.803,-40.312,-45.168,-55.075,1728.960,64.209,0.040,0.943,0.437,-2.960,-0.763,-0.793,73.333,848.000,1.000
168.370,145.824,-35.700,-44.304,-49.208,-59.835,1586.042,46.665,0.040,0.946,0.439,-2.686,-0.916,-0.885,73.333,849.000,1.000
125.157,109.336,-38.078,-47.051,-52.016,-63.289,1444.127,31.100,0.040,0.955,0.440,-2.441,-1.160,-1.007,73.333,850.000,1.000
114.246,95.464,-36.837,-46.158,-51.363,-63.066,1307.479,33.479,0.042,0.961,0.441,-2.319,-1.282,-1.160,73.333,851.000,1.000
125.565,98.881,-33.714,-43.162,-48.563,-60.570,1177.558,48.303,0.042,0.963,0.439,-2.197,-1.434,-1.282,73.333,852.000,1.000
124.000,95.115,-31.929,-41.565,-46.863,-59.191,1051.767,57.796,0.045,0.966,0.440,-2.289,-1.434,-1.160,73.333,853.000,1.000
107.617,81.895,-31.206,-41.181,-46.338,-59.047,930.281,59.901,0.047,0.966,0.441,-2.472,-1.556,-0.946,73.333,854.000,1.000
97.013,71.593,-29.638,-39.831,-45.201,-58.256,809.400,63.040,0.049,0.965,0.444,-2.472,-1.617,-0.824,73.333,855.000,1.000
85.232,58.943,-27.509,-37.784,-43.581,-56.843,678.555,65.500,0.051,0.964,0.443,-2.441,-1.526,-0.610,73.333,856.000,1.000
57.259,35.642,-26.530,-36.957,-42.966,-56.335,537.316,61.451,0.053,0.961,0.442,-2.472,-1.587,-0.458,73.333,857.000,1.000
27.501,11.417,-27.607,-38.250,-44.230,-57.637,400.186,53.457,0.054,0.960,0.444,-2.533,-1.495,-0.214,73.333,858.000,1.000
17.109,0.948,-29.956,-40.753,-46.823,-60.190,278.453,50.394,0.055,0.962,0.446,-2.502,-1.465,-0.031,73.333,859.000,1.000
16.972,-1.466,-31.764,-42.704,-48.988,-62.425,163.474,53.007,0.054,0.961,0.442,-2.472,-1.312,0.061,73.333,860.000,1.000
2.680,-12.683,-31.369,-42.557,-48.790,-62.589,40.233,53.856,0.050,0.959,0.443,-2.502,-1.221,0.122,73.333,861.000,1.000
-17.415,-25.170,-27.912,-39.407,-45.370,-59.651,-84.669,55.883,0.050,0.959,0.440,-2.472,-1.190,0.275,73.333,862.000,1.000
-22.097,-24.688,-23.074,-34.824,-40.731,-55.355,-196.071,64.860,0.052,0.956,0.443,-2.625,-1.099,0.305,73.333,863.000,1.000
-22.844,-22.719,-20.766,-32.676,-38.728,-53.542,-298.855,72.902,0.050,0.954,0.446,-2.533,-1.099,0.397,73.333,864.000,1.000
-35.656,-33.884,-22.055,-33.960,-40.061,-55.041,-407.807,71.714,0.052,0.949,0.442,-2.411,-1.129,0.397,73.333,865.000,1.000
-50.619,-50.445,-23.927,-35.704,-41.827,-56.956,-526.026,65.272,0.055,0.947,0.442,-2.319,-1.099,0.366,73.333,866.000,1.000
-53.996,-57.175,-24.062,-35.832,-42.131,-57.336,-644.040,60.741,0.056,0.947,0.440,-2.106,-1.038,0.244,73.333,867.000,1.000
-51.530,-55.322,-22.486,-34.380,-40.891,-56.212,-750.223,60.708,0.055,0.948,0.442,-1.831,-0.977,0.183,73.333,868.000,1.000
-53.498,-54.514,-20.212,-32.118,-38.678,-54.271,-843.023,65.018,0.054,0.946,0.442,-1.648,-0.946,0.153,73.333,869.000,1.000
-60.658,-59.854,-18.869,-30.731,-37.195,-53.047,-936.221,68.281,0.054,0.947,0.442,-1.587,-0.977,-0.031,73.333,870.000,1.000
-75.054,-73.197,-18.829,-30.788,-37.200,-53.039,-1040.627,65.644,0.052,0.945,0.442,-1.434,-1.038,-0.092,73.333,871.000,1.000
-90.591,-85.889,-18.063,-30.139,-36.687,-52.269,-1145.341,63.827,0.050,0.944,0.438,-1.251,-1.129,-0.214,73.333,872.000,1.000
-92.594,-87.513,-15.563,-27.640,-34.470,-49.815,-1236.359,68.318,0.049,0.945,0.438,-1.038,-1.099,-0.244,73.333,873.000,1.000
-84.573,-84.031,-13.626,-25.692,-32.723,-48.050,-1319.837,70.917,0.049,0.947,0.438,-0.885,-1.068,-0.427,73.333,874.000,1.000
-87.483,-90.992,-14.222,-26.323,-33.306,-48.812,-1410.430,62.663,0.050,0.948,0.437,-0.732,-1.129,-0.549,73.333,875.000,1.000
-110.074,-111.368,-15.755,-27.928,-34.721,-50.431,-1508.494,48.847,0.052,0.947,0.437,-0.641,-1.038,-0.549,73.333,876.000,1.000
-132.086,-129.062,-15.813,-28.146,-34.802,-50.599,-1601.320,42.156,0.052,0.949,0.440,-0.488,-1.099,-0.488,73.333,877.000,1.000
-133.792,-133.993,-14.964,-27.417,-34.100,-49.825,-1683.294,43.220,0.053,0.952,0.438,-0.519,-1.007,-0.458,73.333,878.000,1.000
-122.953,-132.427,-14.896,-27.178,-34.045,-49.608,-1759.171,43.877,0.051,0.952,0.439,-0.519,-1.068,-0.458,73.333,879.000,1.000
-113.477,-130.105,-14.451,-26.472,-33.435,-48.903,-1831.295,44.462,0.050,0.953,0.437,-0.580,-1.099,-0.397,73.333,880.000,1.000
-105.633,-126.704,-11.806,-23.919,-30.620,-46.237,-1899.001,50.725,0.048,0.955,0.437,-0.549,-1.160,-0.183,73.333,881.000,1.000
-95.676,-123.292,-8.945,-21.377,-27.655,-43.596,-1965.687,58.903,0.049,0.957,0.439,-0.732,-1.129,-0.092,73.333,882.000,1.000
-93.595,-128.290,-9.009,-21.519,-27.691,-43.745,-2036.400,57.399,0.049,0.957,0.438,-0.732,-1.160,-0.031,73.333,883.000,1.000
-106.303,-141.732,-10.977,-23.276,-29.765,-45.513,-2107.708,47.132,0.050,0.958,0.436,-0.885,-1.190,0.061,73.333,884.000,1.000
-117.370,-149.214,-11.314,-23.389,-30.254,-45.557,-2171.681,41.190,0.051,0.959,0.437,-1.099,-1.343,0.092,73.333,885.000,1.000
-115.406,-144.974,-9.003,-20.939,-27.920,-43.013,-2228.413,44.003,0.050,0.956,0.435,-1.282,-1.465,0.031,73.333,886.000,1.000
-108.252,-136.290,-6.106,-17.912,-24.786,-39.945,-2282.816,49.823,0.051,0.953,0.436,-1.434,-1.465,0.061,73.333,887.000,1.000
-104.827,-131.754,-5.050,-16.771,-23.487,-38.731,-2338.296,51.923,0.051,0.953,0.435,-1.556,-1.587,0.000,73.333,888.000,1.000
-103.640,-131.016,-5.806,-17.575,-24.130,-39.343,-2394.167,48.901,0.052,0.952,0.435,-1.770,-1.495,-0.092,73.333,889.000,1.000
-103.701,-132.305,-6.532,-18.352,-24.738,-39.960,-2449.109,42.315,0.053,0.949,0.435,-1.831,-1.526,-0.153,73.333,890.000,1.000
-118.250,-144.972,-7.644,-19.330,-25.553,-40.879,-2508.246,29.657,0.054,0.948,0.433,-1.892,-1.465,-0.183,73.333,891.000,1.000
-143.258,-164.134,-9.597,-21.059,-27.088,-42.406,-2568.770,15.728,0.055,0.948,0.437,-1.892,-1.312,-0.214,73.333,892.000,1.000
-146.866,-164.390,-8.915,-20.230,-26.038,-41.172,-2612.991,16.020,0.056,0.947,0.436,-1.801,-1.404,-0.336,73.333,893.000,1.000
-121.187,-140.233,-4.071,-15.304,-21.022,-35.956,-2636.488,32.558,0.057,0.947,0.438,-1.678,-1.343,-0.610,73.333,894.000,1.000
-99.546,-119.462,0.280,-10.903,-16.762,-31.535,-2660.677,45.262,0.057,0.948,0.438,-1.587,-1.221,-0.519,73.333,895.000,1.000
-107.269,-124.237,-0.450,-11.616,-17.638,-32.232,-2703.364,38.692,0.058,0.949,0.438,-1.556,-1.007,-0.519,73.333,896.000,1.000
-127.363,-141.862,-4.841,-15.902,-21.873,-36.265,-2755.494,21.591,0.061,0.947,0.433,-1.648,-0.916,-0.580,73.333,897.000,1.000
-136.855,-151.777,-7.335,-18.144,-23.907,-38.095,-2797.246,10.736,0.059,0.946,0.432,-1.465,-0.763,-0.519,73.333,898.000,1.000
-135.078,-148.790,-5.017,-15.636,-21.197,-35.234,-2820.384,12.866,0.059,0.953,0.432,-1.282,-0.702,-0.549,73.333,899.000,1.000
-124.251,-136.219,-1.010,-11.608,-17.108,-31.062,-2831.949,22.949,0.055,0.960,0.431,-1.190,-0.580,-0.671,73.333,900.000,1.000
-107.550,-122.558,0.302,-10.230,-15.812,-29.624,-2845.703,30.074,0.052,0.966,0.433,-1.251,-0.427,-0.641,73.333,901.000,1.000
-95.588,-116.627,-0.880,-11.176,-16.762,-30.296,-2867.669,28.357,0.052,0.969,0.433,-1.495,-0.366,-0.702,73.333,902.000,1.000
-96.864,-121.899,-1.699,-11.816,-17.202,-30.430,-2892.737,20.328,0.053,0.969,0.432,-1.648,-0.397,-0.732,73.333,903.000,1.000
-104.920,-130.637,-2.289,-12.461,-17.592,-30.615,-2914.793,12.024,0.054,0.964,0.433,-1.953,-0.275,-0.763,73.333,904.000,1.000
-105.478,-130.992,-4.062,-14.243,-19.226,-32.059,-2931.806,7.602,0.052,0.958,0.431,-2.197,-0.275,-0.610,73.333,905.000,1.000
-97.712,-121.372,-4.333,-14.204,-19.193,-31.663,-2940.613,9.547,0.049,0.952,0.431,-2.319,-0.336,-0.488,73.333,906.000,1.000
-88.119,-106.984,-0.515,-10.028,-15.082,-27.206,-2939.259,17.796,0.042,0.951,0.430,-2.228,-0.427,-0.549,73.333,907.000,1.000
-76.561,-92.651,4.438,-4.986,-9.896,-22.116,-2932.893,27.277,0.040,0.950,0.429,-2.106,-0.549,-0.580,73.333,908.000,1.000
-60.091,-78.409,7.129,-2.312,-6.852,-19.394,-2926.120,35.107,0.038,0.950,0.432,-2.014,-0.793,-0.732,73.333,909.000,1.000
-47.898,-70.324,7.421,-1.845,-6.195,-18.607,-2923.787,37.286,0.040,0.951,0.433,-1.892,-1.007,-0.793,73.333,910.000,1.000
-53.797,-78.230,6.035,-2.841,-7.349,-19.188,-2930.776,28.814,0.043,0.952,0.433,-1.831,-1.160,-0.702,73.333,911.000,1.000
-64.236,-88.827,4.620,-3.916,-8.607,-19.998,-2937.766,19.108,0.043,0.954,0.432,-1.801,-1.282,-0.641,73.333,912.000,1.000
-58.732,-84.240,5.404,-3.068,-7.720,-18.955,-2931.827,20.443,0.045,0.956,0.433,-1.862,-1.495,-0.519,73.333,913.000,1.000
-44.113,-70.105,8.186,-0.340,-4.767,-15.906,-2915.262,29.848,0.042,0.958,0.437,-1.923,-1.678,-0.305,73.333,914.000,1.000
-31.883,-58.074,10.793,2.432,-1.738,-12.705,-2897.328,38.310,0.045,0.958,0.437,-1.984,-1.801,-0.183,73.333,915.000,1.000
-18.592,-47.387,12.039,4.069,0.026,-10.717,-2881.048,43.488,0.047,0.956,0.438,-1.953,-1.801,-0.122,73.333,916.000,1.000
-6.592,-38.348,11.263,3.574,-0.450,-10.970,-2869.332,43.055,0.049,0.953,0.438,-1.892,-1.831,0.031,73.333,917.000,1.000
-16.206,-46.420,7.005,-0.684,-4.658,-14.923,-2872.016,27.283,0.051,0.955,0.437,-1.892,-1.801,0.092,73.333,918.000,1.000
-42.932,-67.387,0.778,-6.907,-10.851,-20.719,-2883.477,2.180,0.052,0.954,0.440,-1.740,-1.862,0.336,73.333,919.000,1.000
-48.847,-69.024,-1.511,-8.891,-12.890,-22.259,-2877.042,-6.766,0.053,0.955,0.435,-1.740,-1.862,0.366,73.333,920.000,1.000
-30.701,-48.405,1.731,-5.250,-9.209,-18.234,-2846.571,4.263,0.055,0.956,0.433,-1.648,-1.709,0.488,73.333,921.000,1.000
-22.263,-35.578,4.633,-2.226,-5.962,-14.929,-2816.118,12.253,0.056,0.958,0.434,-1.617,-1.648,0.671,73.333,922.000,1.000
-31.211,-40.317,4.397,-2.482,-6.002,-14.999,-2798.024,7.769,0.058,0.959,0.436,-1.678,-1.556,0.763,73.333,923.000,1.000
-34.358,-42.757,4.561,-2.130,-5.472,-14.368,-2779.339,4.319,0.059,0.958,0.437,-1.678,-1.465,0.671,73.333,924.000,1.000
-24.832,-34.748,6.767,0.359,-2.661,-11.319,-2751.764,8.159,0.059,0.957,0.437,-1.709,-1.282,0.671,73.333,925.000,1.000
-20.038,-28.689,9.538,3.247,0.602,-7.763,-2720.444,12.932,0.060,0.956,0.437,-1.709,-1.160,0.610,73.333,926.000,1.000
-23.623,-27.152,12.181,5.943,3.418,-4.592,-2688.667,16.679,0.061,0.951,0.436,-1.740,-1.068,0.458,73.333,927.000,1.000
-28.750,-29.000,13.105,7.027,4.387,-3.204,-2661.314,15.643,0.061,0.953,0.436,-1.678,-0.885,0.305,73.333,928.000,1.000
-37.884,-38.023,10.408,4.531,1.873,-5.362,-2642.677,5.766,0.062,0.951,0.438,-1.648,-0.641,0.275,73.333,929.000,1.000
-46.694,-46.850,6.642,0.925,-1.594,-8.620,-2623.255,-3.999,0.060,0.951,0.438,-1.526,-0.580,0.092,73.333,930.000,1.000
-39.980,-41.304,5.870,0.312,-2.121,-9.052,-2591.440,-3.209,0.059,0.948,0.436,-1.526,-0.427,0.000,73.333,931.000,1.000
-15.339,-20.176,8.259,2.989,0.530,-6.349,-2548.961,5.946,0.058,0.944,0.434,-1.495,-0.427,-0.153,73.333,932.000,1.000
1.719,-3.290,11.869,7.124,4.611,-2.109,-2505.632,13.241,0.054,0.946,0.434,-1.312,-0.275,-0.336,73.333,933.000,1.000
-5.149,-3.561,14.536,10.319,7.813,1.425,-2467.584,13.144,0.053,0.949,0.436,-1.129,-0.305,-0.488,73.333,934.000,1.000
-13.522,-8.399,14.383,10.288,7.907,1.914,-2433.942,8.379,0.053,0.953,0.435,-0.916,-0.183,-0.549,73.333,935.000,1.000
-4.890,-5.595,12.208,7.955,5.737,0.120,-2400.316,4.442,0.053,0.954,0.435,-0.885,-0.275,-0.549,73.333,936.000,1.000
8.898,1.138,10.862,6.677,4.528,-0.796,-2363.197,4.446,0.053,0.960,0.434,-1.007,-0.183,-0.549,73.333,937.000,1.000
12.405,2.456,11.587,7.780,5.630,0.501,-2324.290,4.756,0.051,0.958,0.433,-1.129,-0.183,-0.549,73.333,938.000,1.000
13.247,3.219,13.421,9.907,7.841,2.907,-2284.647,3.743,0.048,0.957,0.432,-1.221,-0.153,-0.580,73.333,939.000,1.000
25.903,14.892,15.396,11.892,9.992,5.278,-2241.067,6.180,0.050,0.956,0.434,-1.221,-0.183,-0.610,73.333,940.000,1.000
38.919,28.717,16.744,13.250,11.396,6.858,-2195.262,10.797,0.050,0.954,0.434,-1.251,-0.153,-0.580,73.333,941.000,1.000
37.208,30.203,16.236,13.021,11.102,6.790,-2153.090,10.466,0.048,0.953,0.434,-1.373,-0.214,-0.549,73.333,942.000,1.000
31.465,23.655,13.937,11.131,9.318,5.394,-2114.361,4.501,0.047,0.953,0.433,-1.404,-0.305,-0.458,73.333,943.000,1.000
39.287,26.085,12.391,9.846,8.302,4.802,-2070.970,2.102,0.047,0.956,0.433,-1.343,-0.397,-0.427,73.333,944.000,1.000
55.305,39.102,13.592,11.080,9.685,6.454,-2020.653,6.663,0.045,0.960,0.433,-1.343,-0.488,-0.275,73.333,945.000,1.000
60.579,46.319,16.336,13.751,12.408,9.342,-1971.823,9.786,0.047,0.963,0.432,-1.373,-0.549,-0.183,73.333,946.000,1.000
58.607,46.641,18.730,16.209,14.998,12.195,-1925.675,10.305,0.050,0.964,0.432,-1.556,-0.610,-0.061,73.333,947.000,1.000
59.517,48.798,20.539,18.359,17.266,14.790,-1876.239,13.366,0.052,0.966,0.433,-1.831,-0.641,-0.153,73.333,948.000,1.000
57.110,51.924,22.024,20.220,19.173,16.844,-1824.763,16.898,0.053,0.963,0.435,-1.984,-0.610,-0.092,73.333,949.000,1.000
48.834,51.766,22.191,20.543,19.602,17.316,-1778.682,13.738,0.054,0.956,0.435,-2.197,-0.702,-0.092,73.333,950.000,1.000
38.002,43.838,18.868,17.250,16.516,14.485,-1744.379,-1.315,0.056,0.952,0.433,-2.228,-0.610,-0.031,73.333,951.000,1.000
24.874,28.033,12.044,10.492,9.997,8.397,-1720.190,-25.052,0.055,0.950,0.431,-2.136,-0.580,0.061,73.333,952.000,1.000
11.085,11.501,6.023,4.616,4.369,3.054,-1693.604,-45.563,0.056,0.950,0.434,-2.167,-0.702,0.122,73.333,953.000,1.000
7.524,8.226,5.110,3.920,3.832,2.606,-1649.665,-49.484,0.055,0.952,0.437,-2.167,-0.580,0.153,73.333,954.000,1.000
18.979,20.739,8.136,7.210,7.009,5.899,-1590.198,-39.134,0.056,0.954,0.434,-2.136,-0.580,0.122,73.333,955.000,1.000
28.744,31.611,10.793,10.119,9.723,8.760,-1532.333,-31.687,0.054,0.951,0.434,-2.167,-0.519,0.031,73.333,956.000,1.000
30.350,36.623,11.769,11.249,10.956,10.053,-1480.833,-31.032,0.054,0.950,0.435,-2.106,-0.458,-0.061,73.333,957.000,1.000
36.925,46.483,12.521,12.032,11.976,11.230,-1427.798,-27.772,0.053,0.950,0.436,-2.014,-0.458,-0.092,73.333,958.000,1.000
51.799,60.418,13.375,12.964,12.905,12.498,-1372.964,-20.905,0.053,0.950,0.436,-1.801,-0.458,-0.214,73.333,959.000,1.000
60.551,65.377,13.180,13.051,12.907,12.724,-1323.967,-19.321,0.052,0.951,0.434,-1.587,-0.458,-0.305,73.333,960.000,1.000
51.562,56.150,11.615,11.816,11.776,11.598,-1282.327,-26.404,0.051,0.956,0.435,-1.373,-0.336,-0.366,73.333,961.000,1.000
39.588,48.556,10.054,10.345,10.474,10.348,-1238.754,-32.507,0.052,0.957,0.436,-1.190,-0.305,-0.427,73.333,962.000,1.000
41.924,52.879,9.826,10.016,10.219,10.301,-1187.422,-30.317,0.055,0.959,0.439,-1.190,-0.336,-0.549,73.333,963.000,1.000
50.637,59.760,10.897,11.091,11.359,11.686,-1132.451,-23.268,0.053,0.959,0.438,-1.251,-0.336,-0.458,73.333,964.000,1.000
56.800,63.931,12.753,13.137,13.520,14.127,-1077.711,-15.975,0.053,0.958,0.438,-1.343,-0.275,-0.549,73.333,965.000,1.000
68.632,73.373,15.035,15.652,16.149,17.086,-1022.076,-8.198,0.052,0.955,0.435,-1.434,-0.244,-0.580,73.333,966.000,1.000
88.848,90.373,16.403,17.131,17.762,18.948,-966.689,-0.666,0.056,0.957,0.434,-1.556,-0.092,-0.519,73.333,967.000,1.000
96.501,97.115,15.001,15.719,16.451,17.780,-919.576,-1.387,0.054,0.959,0.438,-1.617,0.000,-0.519,73.333,968.000,1.000
81.614,84.908,11.151,12.016,12.626,14.076,-882.903,-12.678,0.053,0.958,0.438,-1.678,0.061,-0.458,73.333,969.000,1.000
65.750,70.826,7.642,8.886,9.234,10.807,-846.593,-23.918,0.051,0.958,0.437,-1.801,0.214,-0.336,73.333,970.000,1.000
65.684,70.901,7.660,9.122,9.441,11.133,-799.004,-22.912,0.050,0.957,0.434,-1.862,0.183,-0.305,73.333,971.000,1.000
79.179,86.805,11.778,13.159,13.779,15.512,-737.556,-6.826,0.049,0.959,0.435,-1.831,-0.031,-0.427,73.333,972.000,1.000
96.957,106.158,16.446,17.841,18.779,20.428,-673.893,12.030,0.049,0.957,0.436,-1.862,0.000,-0.244,73.333,973.000,1.000
112.740,117.741,18.831,20.482,21.449,23.159,-619.288,21.843,0.047,0.958,0.437,-2.197,-0.153,-0.183,73.333,974.000,1.000
125.020,123.298,20.733,22.524,23.354,25.508,-569.767,26.392,0.048,0.957,0.436,-2.319,-0.397,-0.122,73.333,975.000,1.000
126.809,123.061,23.181,24.896,25.756,28.359,-520.355,30.699,0.049,0.952,0.432,-2.380,-0.488,0.031,73.333,976.000,1.000
113.664,112.199,22.982,24.723,25.776,28.406,-478.231,28.600,0.049,0.948,0.432,-2.411,-0.610,0.000,73.333,977.000,1.000
94.327,92.436,19.114,21.113,22.196,24.730,-448.042,15.755,0.050,0.948,0.433,-2.258,-0.641,0.000,73.333,978.000,1.000
78.379,74.301,14.565,16.915,17.815,20.519,-421.141,1.013,0.052,0.946,0.435,-2.197,-0.732,-0.153,73.333,979.000,1.000
62.173,59.194,9.939,12.561,13.406,16.347,-393.768,-11.222,0.054,0.948,0.437,-2.075,-0.916,-0.244,73.333,980.000,1.000
45.706,43.937,4.292,7.002,7.943,10.990,-369.056,-25.149,0.053,0.947,0.438,-2.136,-0.885,-0.092,73.333,981.000,1.000
45.756,41.184,0.245,2.934,3.806,6.991,-338.424,-34.401,0.058,0.944,0.435,-2.258,-0.916,0.000,73.333,982.000,1.000
58.142,52.031,0.424,3.097,3.912,7.255,-294.934,-32.947,0.056,0.940,0.435,-2.075,-0.885,0.092,73.333,983.000,1.000
57.789,57.878,2.754,5.423,6.566,9.820,-248.563,-28.769,0.056,0.938,0.434,-1.862,-0.824,0.092,73.333,984.000,1.000
45.409,53.342,3.578,6.323,7.819,10.816,-209.744,-30.471,0.053,0.942,0.437,-1.617,-0.732,0.000,73.333,985.000,1.000
40.269,49.235,2.499,5.469,6.862,9.797,-174.051,-34.831,0.052,0.945,0.438,-1.312,-0.671,-0.122,73.333,986.000,1.000
51.654,58.216,3.129,6.311,7.440,10.595,-127.234,-28.689,0.052,0.948,0.441,-1.190,-0.702,-0.244,73.333,987.000,1.000
77.258,84.099,8.492,11.707,12.862,16.333,-64.037,-5.876,0.050,0.951,0.441,-1.129,-0.763,-0.488,73.333,988.000,1.000
109.212,118.732,15.372,18.575,19.927,23.640,2.752,22.080,0.050,0.954,0.441,-1.160,-0.732,-0.519,73.333,989.000,1.000
131.710,143.116,17.797,21.090,22.514,26.346,54.874,36.406,0.051,0.957,0.441,-1.221,-0.732,-0.580,73.333,990.000,1.000
129.838,142.729,15.690,19.013,20.438,24.305,88.845,32.591,0.050,0.958,0.439,-1.343,-0.763,-0.641,73.333,991.000,1.000
114.121,129.445,13.918,17.117,18.626,22.491,119.111,25.716,0.048,0.962,0.439,-1.373,-0.824,-0.763,73.333,992.000,1.000
107.590,123.104,14.778,17.821,19.359,23.317,156.508,26.620,0.050,0.964,0.439,-1.556,-0.916,-0.854,73.333,993.000,1.000
114.180,126.816,16.640,19.541,20.941,25.154,197.752,31.029,0.049,0.964,0.441,-1.740,-1.038,-0.946,73.333,994.000,1.000
117.834,128.425,17.690,20.521,21.862,26.250,235.487,31.546,0.049,0.963,0.438,-1.923,-1.221,-0.916,73.333,995.000,1.000
106.544,117.386,17.204,20.198,21.744,26.059,265.410,25.281,0.053,0.963,0.433,-2.014,-1.099,-0.885,73.333,996.000,1.000
88.512,99.292,14.659,17.996,19.752,23.961,286.342,12.680,0.055,0.960,0.435,-2.106,-1.221,-0.824,73.333,997.000,1.000
70.108,79.504,10.448,14.021,15.663,19.983,300.367,-5.122,0.056,0.956,0.436,-2.289,-1.221,-0.732,73.333,998.000,1.000
48.935,59.084,6.920,10.474,11.795,16.448,317.657,-20.080,0.056,0.953,0.435,-2.411,-1.129,-0.671,73.333,999.000,1.000
34.960,47.742,6.282,9.718,10.914,15.907,349.184,-21.369,0.058,0.949,0.434,-2.319,-1.068,-0.580,73.333,1000.000,1.000
43.994,56.979,8.988,12.384,13.769,18.813,395.241,-6.905,0.057,0.950,0.434,-2.258,-1.129,-0.488,73.333,1001.000,1.000
70.656,82.023,14.061,17.515,19.110,23.892,446.243,14.682,0.054,0.950,0.431,-2.167,-1.007,-0.366,73.333,1002.000,1.000
81.807,92.754,17.358,20.900,22.582,27.087,482.791,22.499,0.052,0.951,0.434,-2.136,-1.038,-0.488,73.333,1003.000,1.000
63.118,73.386,14.296,17.809,19.673,24.014,493.741,5.218,0.052,0.951,0.436,-2.106,-1.099,-0.610,73.333,1004.000,1.000
41.566,47.576,7.194,10.516,12.620,16.877,495.530,-19.710,0.052,0.949,0.436,-2.289,-1.251,-0.580,73.333,1005.000,1.000
33.099,35.880,2.814,6.072,8.148,12.524,509.548,-31.772,0.051,0.944,0.436,-2.319,-1.221,-0.732,73.333,1006.000,1.000
25.383,33.031,2.915,6.379,8.282,12.992,535.282,-31.530,0.051,0.941,0.435,-2.228,-1.312,-0.793,73.333,1007.000,1.000
15.469,30.002,3.672,7.219,9.191,14.166,560.409,-29.571,0.050,0.943,0.437,-2.014,-1.373,-0.946,73.333,1008.000,1.000
18.552,32.585,3.335,6.589,8.808,13.766,584.601,-25.955,0.049,0.943,0.440,-1.831,-1.465,-1.038,73.333,1009.000,1.000
33.428,43.259,4.507,7.437,9.759,14.496,615.321,-16.301,0.048,0.945,0.438,-1.587,-1.404,-1.221,73.333,1010.000,1.000
38.492,48.480,8.037,10.918,13.196,17.661,649.112,-6.636,0.046,0.948,0.435,-1.373,-1.404,-1.343,73.333,1011.000,1.000
31.267,42.945,9.851,12.848,15.063,19.341,674.748,-5.662,0.048,0.955,0.438,-1.160,-1.404,-1.434,73.333,1012.000,1.000
23.820,32.044,7.013,10.168,12.200,16.501,688.041,-13.635,0.050,0.961,0.440,-1.160,-1.282,-1.434,73.333,1013.000,1.000
17.035,21.933,3.112,6.509,8.276,12.712,698.353,-20.765,0.052,0.968,0.438,-1.221,-1.221,-1.343,73.333,1014.000,1.000
10.117,18.011,2.555,6.248,7.955,12.403,715.267,-20.244,0.055,0.969,0.438,-1.282,-1.129,-1.343,73.333,1015.000,1.000
14.559,24.086,4.239,8.078,9.864,14.267,738.350,-14.443,0.052,0.966,0.438,-1.465,-1.038,-1.190,73.333,1016.000,1.000
36.911,39.700,5.257,8.969,10.710,15.200,764.625,-5.392,0.052,0.966,0.439,-1.648,-0.793,-1.038,73.333,1017.000,1.000
53.813,49.740,5.124,8.657,10.376,14.896,788.736,2.085,0.050,0.964,0.437,-1.740,-0.763,-0.916,73.333,1018.000,1.000
50.145,48.700,5.228,8.812,10.762,15.014,808.908,6.085,0.050,0.963,0.437,-1.862,-0.702,-0.793,73.333,1019.000,1.000
45.511,50.186,6.459,10.210,12.403,16.343,829.079,11.405,0.052,0.962,0.439,-1.862,-0.488,-0.641,73.333,1020.000,1.000
46.330,51.484,6.552,10.283,12.351,16.348,843.264,13.167,0.050,0.960,0.439,-1.862,-0.305,-0.763,73.333,1021.000,1.000
39.216,41.318,3.376,6.952,8.613,12.919,844.583,4.692,0.050,0.961,0.438,-2.075,-0.183,-0.488,73.333,1022.000,1.000
29.217,29.195,0.505,4.010,5.459,9.891,845.939,-3.183,0.051,0.960,0.435,-2.228,0.031,-0.366,73.333,1023.000,1.000
34.228,33.081,1.744,5.181,6.786,11.120,862.850,3.330,0.052,0.957,0.436,-2.197,0.000,-0.153,73.333,1024.000,1.000
46.758,44.718,3.900,7.202,9.003,13.215,884.702,14.557,0.052,0.953,0.437,-2.258,0.092,-0.031,73.333,1025.000,1.000
43.783,43.184,3.501,6.867,8.594,12.618,895.052,15.507,0.051,0.951,0.436,-2.045,0.122,0.031,73.333,1026.000,1.000
33.394,37.554,3.199,6.914,8.355,12.156,902.883,15.126,0.048,0.949,0.438,-1.862,0.092,0.061,73.333,1027.000,1.000
36.444,43.865,5.081,9.024,10.249,14.066,919.340,23.399,0.046,0.951,0.437,-1.801,0.153,0.214,73.333,1028.000,1.000
44.109,51.105,5.842,9.570,10.830,14.859,932.954,29.278,0.046,0.949,0.439,-1.801,0.122,0.336,73.333,1029.000,1.000
33.767,39.977,2.409,5.671,7.153,11.269,928.719,18.745,0.044,0.946,0.440,-1.709,0.061,0.397,73.333,1030.000,1.000
11.633,17.184,-2.750,0.222,1.881,5.944,914.007,-1.345,0.046,0.943,0.438,-1.556,-0.061,0.366,73.333,1031.000,1.000
8.082,11.100,-4.484,-1.420,0.169,4.183,911.967,-8.238,0.047,0.943,0.434,-1.465,-0.183,0.305,73.333,1032.000,1.000
20.139,21.668,-1.802,1.402,2.808,6.703,926.599,2.027,0.046,0.946,0.436,-1.251,-0.183,0.275,73.333,1033.000,1.000
19.225,25.040,1.308,4.302,5.651,9.306,939.792,11.936,0.047,0.947,0.435,-1.038,-0.244,0.183,73.333,1034.000,1.000
8.805,19.899,2.177,4.895,6.218,9.647,943.978,13.829,0.047,0.948,0.434,-0.977,-0.427,0.214,73.333,1035.000,1.000
12.215,21.849,2.253,5.033,6.273,9.624,949.599,16.673,0.048,0.948,0.433,-1.038,-0.488,0.244,73.333,1036.000,1.000
28.905,32.769,3.100,5.991,7.321,10.728,961.852,25.939,0.050,0.947,0.433,-1.007,-0.519,0.366,73.333,1037.000,1.000
33.559,32.907,3.222,5.937,7.562,10.977,967.134,29.183,0.050,0.946,0.432,-0.885,-0.458,0.336,73.333,1038.000,1.000
19.730,15.807,0.967,3.481,5.252,8.526,955.884,17.222,0.048,0.947,0.433,-0.793,-0.458,0.305,73.333,1039.000,1.000
9.780,2.479,-1.380,1.180,2.856,5.952,942.140,3.873,0.047,0.949,0.432,-0.854,-0.549,0.458,73.333,1040.000,1.000
12.244,3.983,-0.655,1.975,3.646,6.660,941.542,4.188,0.047,0.952,0.435,-0.763,-0.610,0.488,73.333,1041.000,1.000
16.385,10.730,1.576,4.072,5.912,8.934,948.785,13.138,0.048,0.954,0.434,-0.763,-0.580,0.488,73.333,1042.000,1.000
18.647,14.129,1.848,4.177,6.016,9.062,950.951,18.324,0.048,0.959,0.431,-0.977,-0.702,0.366,73.333,1043.000,1.000
26.712,19.831,0.826,3.172,4.707,7.810,950.381,22.189,0.047,0.960,0.434,-1.129,-0.854,0.244,73.333,1044.000,1.000
36.861,29.241,0.973,3.377,4.608,7.870,953.809,30.378,0.049,0.961,0.435,-1.312,-0.946,0.366,73.333,1045.000,1.000
33.661,30.494,1.443,3.706,4.820,8.281,954.463,34.789,0.049,0.959,0.433,-1.495,-1.038,0.275,73.333,1046.000,1.000
18.866,21.738,-0.411,1.623,2.659,6.183,943.968,27.925,0.051,0.957,0.432,-1.678,-1.007,0.244,73.333,1047.000,1.000
0.272,5.924,-5.117,-3.113,-2.144,1.196,923.612,11.453,0.051,0.957,0.433,-1.709,-1.068,0.244,73.333,1048.000,1.000
-20.687,-14.143,-10.178,-8.057,-6.978,-3.976,903.640,-5.452,0.052,0.959,0.431,-1.831,-1.221,0.214,73.333,1049.000,1.000
-32.241,-25.159,-12.072,-9.990,-8.703,-5.917,895.805,-10.507,0.050,0.958,0.432,-1.953,-1.251,0.214,73.333,1050.000,1.000
-20.718,-15.044,-9.591,-7.676,-6.357,-3.543,902.256,0.381,0.051,0.958,0.434,-2.136,-1.282,0.000,73.333,1051.000,1.000
5.796,9.531,-5.097,-3.141,-1.973,0.921,913.981,18.522,0.053,0.955,0.434,-2.258,-1.282,0.031,73.333,1052.000,1.000
20.430,24.035,-2.132,0.085,1.070,3.901,916.950,28.127,0.057,0.955,0.433,-2.319,-1.221,-0.061,73.333,1053.000,1.000
16.806,20.987,-2.228,0.130,0.889,3.581,906.967,24.921,0.055,0.954,0.436,-2.258,-1.282,-0.122,73.333,1054.000,1.000
12.764,16.458,-3.935,-1.710,-1.170,1.507,893.832,19.076,0.056,0.951,0.436,-2.258,-1.312,-0.183,73.333,1055.000,1.000
9.838,14.674,-5.401,-3.466,-2.877,-0.113,883.389,15.254,0.056,0.949,0.436,-2.319,-1.160,-0.031,73.333,1056.000,1.000
-1.504,9.086,-6.808,-5.144,-4.263,-1.527,871.424,9.802,0.059,0.946,0.433,-2.197,-1.099,0.000,73.333,1057.000,1.000
-11.611,5.046,-7.802,-6.262,-5.238,-2.656,859.735,5.894,0.060,0.944,0.431,-2.106,-1.038,0.122,73.333,1058.000,1.000
-0.220,17.925,-6.306,-4.686,-3.806,-1.303,859.676,15.252,0.060,0.945,0.430,-1.801,-0.854,0.153,73.333,1059.000,1.000
21.971,38.523,-3.405,-1.566,-0.824,1.639,866.116,32.215,0.058,0.950,0.432,-1.587,-0.793,0.336,73.333,1060.000,1.000
19.385,34.728,-3.715,-1.697,-0.917,1.327,856.874,32.990,0.055,0.957,0.432,-1.373,-0.610,0.122,73.333,1061.000,1.000
-5.213,8.874,-7.904,-5.873,-5.075,-3.058,831.313,16.342,0.054,0.962,0.430,-1.556,-0.671,0.000,73.333,1062.000,1.000
-16.222,-5.302,-10.478,-8.547,-7.860,-5.725,812.176,5.961,0.052,0.959,0.434,-1.587,-0.793,-0.122,73.333,1063.000,1.000
-6.413,3.127,-7.954,-6.087,-5.486,-3.123,809.009,12.408,0.052,0.956,0.432,-1.770,-0.702,-0.092,73.333,1064.000,1.000
1.469,13.349,-3.817,-1.958,-1.388,0.803,808.536,22.242,0.056,0.953,0.432,-1.709,-0.702,-0.122,73.333,1065.000,1.000
4.102,14.707,-1.938,-0.177,0.317,2.091,801.379,26.139,0.053,0.950,0.433,-1.678,-0.610,-0.061,73.333,1066.000,1.000
16.993,18.734,-1.826,-0.320,0.161,1.707,791.644,29.040,0.053,0.949,0.433,-1.526,-0.671,-0.183,73.333,1067.000,1.000
29.139,22.147,-2.281,-0.978,-0.350,1.103,780.059,29.659,0.052,0.951,0.431,-1.465,-0.702,-0.427,73.333,1068.000,1.000
26.045,17.308,-2.717,-1.337,-0.621,0.745,766.826,26.073,0.052,0.955,0.432,-1.465,-0.641,-0.580,73.333,1069.000,1.000
18.746,10.570,-2.526,-1.046,-0.361,1.011,754.083,22.749,0.054,0.956,0.429,-1.495,-0.610,-0.702,73.333,1070.000,1.000
13.729,2.751,-3.025,-1.800,-1.019,0.415,737.759,19.078,0.054,0.958,0.433,-1.617,-0.549,-0.824,73.333,1071.000,1.000
7.124,-7.649,-6.000,-5.169,-4.221,-2.771,716.116,12.961,0.052,0.957,0.434,-1.770,-0.580,-0.824,73.333,1072.000,1.000
-0.668,-18.409,-9.766,-9.031,-8.104,-6.731,694.053,5.312,0.055,0.958,0.433,-1.953,-0.458,-0.824,73.333,1073.000,1.000
0.738,-21.689,-10.406,-9.512,-8.697,-7.505,680.103,3.269,0.054,0.957,0.432,-2.014,-0.275,-0.793,73.333,1074.000,1.000
15.237,-13.608,-7.007,-6.059,-5.239,-4.216,678.031,12.605,0.053,0.957,0.430,-2.106,-0.183,-0.641,73.333,1075.000,1.000
24.022,-7.236,-2.788,-2.058,-1.172,-0.165,677.674,23.768,0.051,0.957,0.435,-2.167,-0.031,-0.671,73.333,1076.000,1.000
17.747,-9.889,-0.563,-0.148,0.778,1.838,668.483,26.105,0.053,0.958,0.433,-2.136,-0.031,-0.610,73.333,1077.000,1.000
11.393,-15.019,-0.647,-0.354,0.536,1.561,651.107,20.980,0.053,0.958,0.429,-2.167,0.092,-0.519,73.333,1078.000,1.000
12.078,-20.097,-3.085,-2.655,-2.000,-1.053,628.644,12.663,0.053,0.956,0.431,-2.258,0.153,-0.366,73.333,1079.000,1.000
5.494,-32.898,-7.446,-6.891,-6.615,-5.650,600.473,0.553,0.055,0.955,0.430,-2.228,0.305,-0.336,73.333,1080.000,1.000
-9.895,-50.402,-11.340,-10.833,-10.784,-9.752,572.658,-11.223,0.054,0.954,0.434,-2.075,0.305,-0.183,73.333,1081.000,1.000
-10.207,-50.933,-12.154,-11.636,-11.560,-10.603,559.041,-10.463,0.056,0.955,0.435,-2.045,0.427,-0.061,73.333,1082.000,1.000
4.751,-35.012,-9.484,-8.833,-8.690,-7.938,559.105,2.109,0.053,0.956,0.438,-2.014,0.458,0.061,73.333,1083.000,1.000
11.646,-23.652,-5.575,-4.956,-4.827,-4.166,558.328,14.033,0.049,0.956,0.437,-2.045,0.549,0.061,73.333,1084.000,1.000
9.503,-20.704,-3.731,-3.354,-3.180,-2.441,549.255,19.965,0.051,0.957,0.436,-2.014,0.488,0.061,73.333,1085.000,1.000
14.693,-15.585,-4.671,-4.448,-4.133,-3.373,536.051,22.915,0.050,0.956,0.437,-1.892,0.549,0.061,73.333,1086.000,1.000
32.701,-1.522,-5.404,-5.150,-4.854,-4.152,525.761,28.135,0.049,0.953,0.434,-1.923,0.366,0.061,73.333,1087.000,1.000
54.694,16.807,-4.242,-3.956,-3.910,-3.190,518.466,36.203,0.052,0.954,0.435,-2.014,0.305,0.092,73.333,1088.000,1.000
84.645,42.086,-3.305,-3.064,-3.175,-2.386,512.636,47.670,0.052,0.953,0.436,-1.770,0.305,0.000,73.333,1089.000,1.000
132.388,81.055,-4.459,-4.231,-4.234,-3.383,508.702,63.031,0.054,0.951,0.436,-1.862,0.275,-0.092,73.333,1090.000,1.000
181.864,121.211,-6.333,-6.006,-5.939,-5.034,504.175,77.124,0.054,0.953,0.436,-1.770,0.366,-0.183,73.333,1091.000,1.000
214.469,149.836,-5.930,-5.557,-5.676,-4.862,500.345,89.313,0.053,0.950,0.436,-1.831,0.397,-0.244,73.333,1092.000,1.000
228.525,162.995,-3.690,-3.534,-3.817,-3.278,497.042,99.150,0.053,0.950,0.438,-1.740,0.366,-0.305,73.333,1093.000,1.000
222.971,155.828,-4.181,-4.358,-4.500,-4.210,483.798,97.939,0.055,0.950,0.437,-1.801,0.427,-0.519,73.333,1094.000,1.000
192.959,126.338,-8.455,-8.730,-8.622,-8.485,454.172,81.010,0.055,0.950,0.439,-1.740,0.397,-0.732,73.333,1095.000,1.000
148.074,86.555,-11.624,-11.635,-11.513,-11.609,418.757,58.393,0.055,0.950,0.438,-1.831,0.366,-0.763,73.333,1096.000,1.000
115.996,60.545,-10.675,-10.273,-10.348,-10.716,393.497,45.859,0.052,0.950,0.438,-2.014,0.427,-0.763,73.333,1097.000,1.000
103.455,51.711,-8.021,-7.400,-7.620,-8.029,380.195,45.825,0.051,0.950,0.437,-2.014,0.336,-0.641,73.333,1098.000,1.000
89.368,42.386,-6.017,-5.504,-5.759,-5.934,370.403,49.745,0.051,0.947,0.439,-1.892,0.214,-0.671,73.333,1099.000,1.000
62.592,23.096,-4.151,-3.806,-4.209,-4.088,356.925,49.336,0.053,0.947,0.437,-1.678,0.122,-0.702,73.333,1100.000,1.000
32.121,-2.259,-2.329,-1.968,-2.656,-2.428,336.384,40.518,0.050,0.946,0.436,-1.495,0.122,-0.763,73.333,1101.000,1.000
6.069,-26.732,-1.764,-1.457,-2.189,-2.188,311.581,26.942,0.049,0.949,0.435,-1.312,0.122,-0.702,73.333,1102.000,1.000
-18.430,-49.106,-1.941,-1.955,-2.446,-2.792,288.726,14.873,0.048,0.950,0.437,-1.251,0.122,-0.671,73.333,1103.000,1.000
-35.560,-63.381,-0.823,-1.074,-1.479,-1.984,272.798,8.863,0.048,0.953,0.440,-1.190,0.092,-0.641,73.333,1104.000,1.000
-41.776,-69.110,0.794,0.656,0.085,-0.476,259.039,4.553,0.050,0.954,0.440,-1.129,-0.031,-0.488,73.333,1105.000,1.000
-55.678,-82.590,-0.242,-0.193,-0.800,-1.534,236.292,-8.072,0.050,0.958,0.440,-1.129,-0.122,-0.427,73.333,1106.000,1.000
-84.590,-105.996,-3.885,-3.942,-4.227,-5.257,205.991,-25.989,0.048,0.957,0.440,-1.129,-0.153,-0.244,73.333,1107.000,1.000
-109.856,-123.645,-6.554,-6.959,-6.839,-8.131,179.224,-38.729,0.049,0.959,0.440,-1.099,-0.214,-0.183,73.333,1108.000,1.000
-114.912,-125.093,-6.189,-6.863,-6.639,-7.955,161.148,-42.713,0.047,0.959,0.440,-1.221,-0.244,0.000,73.333,1109.000,1.000
-111.436,-120.776,-4.753,-5.572,-5.432,-6.560,145.595,-44.462,0.048,0.957,0.438,-1.251,-0.183,0.183,73.333,1110.000,1.000
-122.663,-128.611,-4.686,-5.630,-5.506,-6.577,125.530,-51.124,0.051,0.956,0.435,-1.160,-0.427,0.092,73.333,1111.000,1.000
-142.243,-141.698,-4.934,-5.856,-5.915,-7.224,106.083,-57.458,0.051,0.956,0.437,-1.160,-0.305,0.214,73.333,1112.000,1.000
-154.012,-148.313,-4.305,-5.083,-5.634,-7.082,90.472,-60.349,0.050,0.957,0.435,-1.221,-0.275,0.244,73.333,1113.000,1.000
-166.964,-157.606,-4.963,-5.782,-6.630,-7.793,70.049,-68.339,0.050,0.958,0.434,-1.251,-0.153,0.183,73.333,1114.000,1.000
-190.306,-177.006,-7.410,-8.364,-9.100,-9.922,43.396,-82.669,0.050,0.957,0.436,-1.343,-0.244,0.275,73.333,1115.000,1.000
-201.282,-187.991,-7.807,-8.665,-9.379,-10.337,26.064,-87.263,0.049,0.957,0.437,-1.465,-0.183,0.275,73.333,1116.000,1.000
-180.444,-172.221,-4.844,-5.558,-6.554,-8.075,26.097,-72.715,0.047,0.957,0.434,-1.617,-0.214,0.336,73.333,1117.000,1.000
-156.236,-150.215,-1.898,-2.696,-3.846,-5.860,27.964,-55.964,0.049,0.957,0.430,-1.648,-0.366,0.275,73.333,1118.000,1.000
-152.299,-141.178,0.426,-0.461,-1.360,-3.506,23.252,-48.435,0.050,0.955,0.433,-1.801,-0.519,0.153,73.333,1119.000,1.000
-149.515,-132.646,4.563,3.788,3.249,1.091,21.793,-40.564,0.050,0.957,0.432,-1.953,-0.549,0.122,73.333,1120.000,1.000
-140.361,-122.098,8.026,7.336,6.846,4.533,19.585,-34.182,0.052,0.955,0.435,-2.014,-0.488,0.244,73.333,1121.000,1.000
-146.725,-126.819,5.502,4.612,3.860,1.389,-1.986,-45.318,0.055,0.951,0.434,-2.075,-0.549,0.244,73.333,1122.000,1.000
-174.838,-151.862,-1.727,-2.928,-3.965,-6.456,-43.848,-74.264,0.058,0.948,0.434,-2.228,-0.641,0.275,73.333,1123.000,1.000
-195.657,-173.777,-7.759,-8.980,-10.156,-12.605,-83.475,-99.510,0.060,0.948,0.433,-2.106,-0.610,0.336,73.333,1124.000,1.000
-189.787,-172.420,-10.365,-11.316,-12.471,-14.837,-104.385,-106.287,0.057,0.948,0.432,-2.014,-0.488,0.214,73.333,1125.000,1.000
-173.540,-155.462,-9.784,-10.623,-11.610,-13.920,-108.419,-98.228,0.057,0.951,0.434,-1.862,-0.366,0.153,73.333,1126.000,1.000
-162.970,-137.057,-6.263,-7.288,-8.093,-10.551,-104.207,-83.977,0.058,0.950,0.436,-1.709,-0.336,0.061,73.333,1127.000,1.000
-158.994,-128.353,-3.038,-4.173,-4.992,-7.759,-104.764,-75.161,0.059,0.953,0.435,-1.678,-0.214,0.031,73.333,1128.000,1.000
-158.987,-131.017,-3.407,-4.420,-5.405,-8.371,-117.173,-76.887,0.059,0.955,0.436,-1.587,-0.061,-0.061,73.333,1129.000,1.000
-164.648,-138.319,-6.114,-7.079,-8.118,-11.023,-135.954,-83.393,0.060,0.956,0.437,-1.465,0.214,-0.183,73.333,1130.000,1.000
-171.533,-143.112,-8.294,-9.412,-10.340,-13.087,-153.137,-88.596,0.058,0.957,0.437,-1.465,0.153,-0.397,73.333,1131.000,1.000
-162.691,-135.000,-8.452,-9.650,-10.557,-13.349,-162.408,-86.620,0.056,0.959,0.439,-1.465,0.275,-0.366,73.333,1132.000,1.000
-144.519,-120.090,-6.715,-7.815,-8.855,-11.914,-165.492,-79.076,0.057,0.959,0.439,-1.556,0.275,-0.397,73.333,1133.000,1.000
-138.003,-111.597,-4.328,-5.402,-6.440,-9.687,-168.486,-72.532,0.054,0.961,0.436,-1.587,0.275,-0.610,73.333,1134.000,1.000
-135.888,-103.140,-1.986,-3.152,-4.048,-7.291,-170.317,-65.810,0.051,0.958,0.435,-1.587,0.366,-0.671,73.333,1135.000,1.000
-123.554,-88.294,-0.495,-1.622,-2.541,-5.780,-171.101,-58.512,0.050,0.957,0.440,-1.556,0.275,-0.732,73.333,1136.000,1.000
-109.820,-76.084,-1.355,-2.318,-3.300,-6.641,-178.054,-56.952,0.050,0.954,0.440,-1.526,0.275,-0.732,73.333,1137.000,1.000
-108.408,-74.966,-3.763,-4.710,-5.517,-8.972,-192.610,-62.220,0.048,0.955,0.438,-1.465,0.275,-0.671,73.333,1138.000,1.000
-108.523,-73.667,-4.633,-5.765,-6.485,-9.920,-203.532,-63.502,0.044,0.954,0.436,-1.434,0.244,-0.610,73.333,1139.000,1.000
-96.123,-61.542,-2.483,-3.799,-4.862,-8.132,-203.332,-54.795,0.043,0.953,0.438,-1.373,0.031,-0.519,73.333,1140.000,1.000
-80.541,-48.666,1.987,0.636,-0.788,-3.935,-197.246,-42.106,0.042,0.949,0.438,-1.282,-0.214,-0.366,73.333,1141.000,1.000
-72.145,-43.101,6.870,5.570,4.253,1.111,-192.053,-29.884,0.042,0.947,0.438,-1.221,-0.275,-0.427,73.333,1142.000,1.000
-68.876,-43.274,8.912,7.627,6.679,3.565,-193.114,-22.591,0.041,0.949,0.437,-1.160,-0.641,-0.305,73.333,1143.000,1.000
-64.188,-43.231,6.653,5.363,4.595,1.508,-201.650,-23.699,0.042,0.951,0.436,-1.160,-0.732,-0.305,73.333,1144.000,1.000
-60.687,-42.806,2.641,1.374,0.547,-2.656,-214.492,-30.746,0.045,0.950,0.433,-1.190,-0.946,-0.244,73.333,1145.000,1.000
-64.830,-47.909,-0.440,-1.682,-2.655,-5.839,-229.133,-38.820,0.045,0.952,0.433,-1.038,-0.916,-0.092,73.333,1146.000,1.000
-65.649,-50.428,-2.052,-3.216,-4.455,-7.127,-239.730,-40.635,0.044,0.955,0.435,-1.068,-1.129,-0.031,73.333,1147.000,1.000
-57.701,-45.178,-2.195,-3.137,-4.735,-6.832,-243.086,-35.913,0.046,0.954,0.438,-1.221,-1.221,0.153,73.333,1148.000,1.000
-56.390,-42.938,-1.536,-2.244,-3.988,-6.076,-245.880,-33.552,0.048,0.954,0.433,-1.434,-1.343,0.244,73.333,1149.000,1.000
-66.468,-48.205,-1.320,-2.032,-3.566,-5.969,-254.100,-37.501,0.049,0.954,0.431,-1.465,-1.343,0.397,73.333,1150.000,1.000
-65.322,-45.393,-0.800,-1.751,-2.980,-5.429,-259.762,-37.422,0.052,0.952,0.432,-1.495,-1.343,0.488,73.333,1151.000,1.000
-38.998,-21.680,1.658,0.542,-0.539,-2.771,-251.975,-23.151,0.053,0.949,0.435,-1.556,-1.343,0.519,73.333,1152.000,1.000
-15.357,0.444,4.274,3.261,2.197,0.102,-240.777,-7.480,0.053,0.950,0.434,-1.556,-1.434,0.580,73.333,1153.000,1.000
-16.244,-0.020,3.979,3.115,2.029,-0.025,-242.056,-5.845,0.054,0.949,0.435,-1.648,-1.556,0.610,73.333,1154.000,1.000
-26.820,-10.768,1.375,0.516,-0.630,-2.603,-254.270,-14.213,0.057,0.950,0.434,-1.587,-1.404,0.702,73.333,1155.000,1.000
-32.814,-16.935,-0.739,-1.528,-2.742,-4.689,-267.385,-22.596,0.058,0.952,0.434,-1.495,-1.251,0.671,73.333,1156.000,1.000
-33.203,-16.250,-1.843,-2.398,-3.591,-5.611,-275.993,-26.035,0.057,0.958,0.433,-1.556,-1.221,0.610,73.333,1157.000,1.000
-29.229,-13.302,-3.457,-3.904,-4.911,-6.939,-281.870,-26.446,0.058,0.959,0.435,-1.678,-1.160,0.458,73.333,1158.000,1.000
-15.459,-5.236,-4.726,-5.387,-6.115,-7.995,-282.681,-22.155,0.057,0.961,0.434,-1.740,-1.007,0.244,73.333,1159.000,1.000
5.742,9.244,-3.351,-4.351,-4.916,-6.596,-274.231,-9.900,0.059,0.961,0.433,-1.892,-0.854,0.183,73.333,1160.000,1.000
14.075,15.344,-0.903,-2.102,-2.714,-4.263,-266.237,0.031,0.060,0.958,0.429,-1.984,-0.702,0.092,73.333,1161.000,1.000
4.561,8.618,-0.754,-2.029,-2.720,-4.201,-269.724,-2.349,0.060,0.956,0.429,-1.923,-0.580,0.000,73.333,1162.000,1.000
-6.163,0.015,-2.419,-3.697,-4.360,-5.823,-280.172,-11.099,0.064,0.951,0.428,-1.892,-0.366,-0.031,73.333,1163.000,1.000
-8.513,-2.677,-3.171,-4.314,-4.934,-6.465,-286.227,-13.546,0.064,0.949,0.430,-1.831,-0.153,-0.214,73.333,1164.000,1.000
-6.685,0.721,-2.650,-3.603,-4.200,-5.808,-284.901,-7.165,0.063,0.947,0.433,-1.770,-0.061,-0.183,73.333,1165.000,1.000
1.121,10.640,-2.340,-3.149,-3.712,-5.224,-280.075,1.146,0.062,0.948,0.432,-1.648,0.183,-0.183,73.333,1166.000,1.000
18.753,26.450,-2.698,-3.350,-3.947,-5.122,-275.008,7.033,0.062,0.949,0.431,-1.648,0.397,-0.183,73.333,1167.000,1.000
28.341,33.722,-2.940,-3.481,-4.132,-4.996,-273.930,7.899,0.059,0.955,0.433,-1.617,0.549,-0.214,73.333,1168.000,1.000
22.370,29.968,-2.073,-2.619,-3.211,-4.160,-275.149,7.326,0.054,0.960,0.435,-1.617,0.641,-0.366,73.333,1169.000,1.000
20.961,31.203,0.258,-0.296,-0.808,-2.157,-272.154,12.036,0.050,0.958,0.439,-1.740,0.702,-0.488,73.333,1170.000,1.000
30.829,38.286,2.637,2.078,1.606,0.026,-267.034,19.243,0.048,0.955,0.436,-1.984,0.702,-0.549,73.333,1171.000,1.000
41.260,43.488,3.529,2.866,2.529,1.173,-263.313,25.852,0.044,0.952,0.434,-2.075,0.702,-0.458,73.333,1172.000,1.000
49.087,48.963,3.921,3.109,3.013,2.051,-257.464,34.633,0.041,0.949,0.432,-1.984,0.549,-0.641,73.333,1173.000,1.000
61.411,62.445,4.903,3.998,4.049,3.214,-247.832,45.803,0.040,0.947,0.433,-1.801,0.427,-0.671,73.333,1174.000,1.000
72.468,76.140,4.723,3.817,3.800,2.913,-243.132,50.668,0.041,0.951,0.430,-1.648,0.153,-0.763,73.333,1175.000,1.000
66.380,72.495,2.245,1.455,1.280,0.496,-250.216,42.889,0.041,0.954,0.434,-1.434,-0.153,-0.854,73.333,1176.000,1.000
50.865,59.150,-0.033,-0.655,-0.909,-1.519,-259.894,32.237,0.045,0.958,0.440,-1.312,-0.244,-0.854,73.333,1177.000,1.000
44.336,53.894,0.007,-0.591,-0.869,-1.446,-262.673,28.208,0.050,0.959,0.438,-1.251,-0.366,-0.824,73.333,1178.000,1.000
48.305,58.727,1.202,0.466,0.111,-0.400,-260.371,29.564,0.050,0.960,0.433,-1.465,-0.397,-0.641,73.333,1179.000,1.000
51.972,65.345,1.704,0.972,0.553,0.270,-257.696,32.307,0.051,0.961,0.431,-1.526,-0.427,-0.519,73.333,1180.000,1.000
53.537,70.604,1.169,0.674,0.388,0.210,-255.334,35.052,0.054,0.960,0.433,-1.587,-0.458,-0.519,73.333,1181.000,1.000
63.856,81.744,0.819,0.481,0.464,0.145,-249.644,40.776,0.053,0.959,0.433,-1.587,-0.549,-0.366,73.333,1182.000,1.000
75.834,93.710,1.884,1.447,1.528,1.159,-241.894,47.565,0.056,0.961,0.431,-1.678,-0.336,-0.183,73.333,1183.000,1.000
72.424,95.726,3.384,2.764,2.678,2.581,-237.894,50.317,0.056,0.963,0.434,-1.740,-0.336,0.000,73.333,1184.000,1.000
59.080,92.169,3.845,3.120,2.912,3.177,-237.886,50.210,0.058,0.962,0.431,-1.892,-0.336,0.122,73.333,1185.000,1.000
53.123,91.996,3.839,3.066,3.041,3.501,-236.891,51.275,0.059,0.963,0.434,-2.045,-0.275,0.031,73.333,1186.000,1.000
54.467,93.894,3.023,2.124,2.458,3.008,-236.159,51.298,0.057,0.960,0.436,-1.953,-0.214,0.061,73.333,1187.000,1.000
48.909,88.821,0.246,-0.826,-0.217,0.373,-241.993,44.664,0.056,0.958,0.436,-2.136,-0.244,0.061,73.333,1188.000,1.000
45.224,85.639,-1.697,-2.680,-2.018,-1.523,-245.477,40.861,0.053,0.956,0.434,-2.167,-0.183,-0.061,73.333,1189.000,1.000
55.618,94.124,-0.481,-1.062,-0.545,-0.192,-236.420,48.475,0.056,0.955,0.432,-2.136,-0.092,-0.122,73.333,1190.000,1.000
60.490,98.270,0.708,0.365,0.716,1.102,-226.375,54.161,0.057,0.954,0.435,-2.197,-0.122,-0.183,73.333,1191.000,1.000
47.146,89.500,-0.782,-1.315,-1.049,-0.449,-226.191,48.936,0.055,0.953,0.435,-2.197,-0.153,-0.275,73.333,1192.000,1.000
33.034,79.065,-3.346,-4.127,-3.847,-3.126,-229.965,41.216,0.055,0.952,0.436,-2.167,-0.092,-0.397,73.333,1193.000,1.000
38.381,79.941,-4.515,-5.238,-4.853,-4.275,-227.366,41.758,0.053,0.953,0.436,-2.258,0.031,-0.427,73.333,1194.000,1.000
55.804,89.245,-3.494,-4.034,-3.574,-3.227,-218.358,49.577,0.051,0.952,0.432,-2.350,0.092,-0.610,73.333,1195.000,1.000
64.015,93.508,-0.877,-1.402,-0.929,-0.656,-208.827,57.388,0.049,0.950,0.436,-2.472,0.122,-0.702,73.333,1196.000,1.000
66.835,96.016,2.575,2.019,2.569,3.012,-196.574,67.373,0.047,0.949,0.439,-2.350,0.275,-0.702,73.333,1197.000,1.000
72.045,98.952,5.282,4.870,5.527,6.255,-183.974,76.996,0.046,0.950,0.438,-2.197,0.061,-0.702,73.333,1198.000,1.000
67.988,90.824,5.218,5.001,5.610,6.477,-181.638,74.830,0.046,0.950,0.440,-2.106,-0.122,-0.702,73.333,1199.000,1.000
53.672,73.644,3.119,2.906,3.243,4.176,-186.634,64.115,0.046,0.950,0.439,-1.984,-0.336,-0.732,73.333,1200.000,1.000
52.477,68.029,1.861,1.527,1.584,2.763,-183.708,61.872,0.047,0.949,0.440,-1.862,-0.488,-0.793,73.333,1201.000,1.000
73.901,82.510,2.486,2.083,2.199,3.585,-169.487,72.606,0.044,0.949,0.440,-1.770,-0.610,-0.641,73.333,1202.000,1.000
91.271,95.025,4.051,3.619,4.079,5.307,-157.184,81.260,0.045,0.948,0.441,-1.770,-0.671,-0.549,73.333,1203.000,1.000
90.535,93.239,5.870,5.415,6.080,7.032,-152.159,80.960,0.043,0.947,0.439,-1.678,-0.793,-0.488,73.333,1204.000,1.000
86.791,89.772,7.307,6.892,7.464,8.399,-147.883,79.075,0.042,0.945,0.438,-1.465,-1.007,-0.366,73.333,1205.000,1.000
83.792,87.504,7.587,7.232,7.634,8.660,-144.690,76.725,0.046,0.944,0.438,-1.221,-1.038,-0.366,73.333,1206.000,1.000
72.140,78.143,6.706,6.387,6.730,7.658,-148.267,69.145,0.048,0.947,0.438,-0.977,-1.251,-0.275,73.333,1207.000,1.000
55.028,61.593,5.122,4.876,5.250,6.029,-157.397,56.017,0.049,0.949,0.436,-0.854,-1.251,-0.214,73.333,1208.000,1.000
51.196,52.101,3.299,3.111,3.523,4.352,-162.669,45.145,0.050,0.951,0.438,-0.793,-1.282,-0.092,73.333,1209.000,1.000
58.931,51.264,1.170,0.922,1.307,2.257,-162.500,38.905,0.050,0.953,0.438,-0.824,-1.312,0.031,73.333,1210.000,1.000
55.593,43.934,-1.105,-1.427,-1.212,-0.223,-163.997,31.848,0.052,0.955,0.435,-0.824,-1.282,0.092,73.333,1211.000,1.000
46.399,37.065,-1.858,-2.122,-2.068,-1.010,-162.663,29.426,0.052,0.956,0.434,-0.885,-1.434,0.153,73.333,1212.000,1.000
50.797,44.487,-0.545,-0.661,-0.482,0.740,-152.007,36.939,0.055,0.956,0.432,-0.916,-1.282,0.122,73.333,1213.000,1.000
61.611,56.523,0.842,0.819,1.312,2.704,-139.964,45.620,0.055,0.954,0.435,-1.038,-1.312,0.061,73.333,1214.000,1.000
59.100,55.740,0.848,0.781,1.490,2.961,-136.700,45.523,0.053,0.958,0.431,-1.038,-1.099,-0.031,73.333,1215.000,1.000
49.568,45.303,-0.181,-0.364,0.387,1.821,-139.800,38.426,0.053,0.959,0.434,-1.190,-1.129,0.000,73.333,1216.000,1.000
51.855,41.425,-2.009,-2.188,-1.590,-0.177,-141.745,31.885,0.052,0.961,0.434,-1.373,-1.038,-0.092,73.333,1217.000,1.000
54.591,39.609,-4.476,-4.452,-4.179,-2.634,-142.593,26.280,0.050,0.963,0.433,-1.587,-1.038,-0.275,73.333,1218.000,1.000
46.612,34.638,-4.988,-4.776,-4.704,-2.976,-138.689,25.914,0.048,0.963,0.438,-1.740,-1.007,-0.305,73.333,1219.000,1.000
44.062,36.896,-0.859,-0.749,-0.467,1.254,-123.618,37.529,0.047,0.959,0.434,-1.953,-1.068,-0.305,73.333,1220.000,1.000
56.559,47.822,5.916,5.710,6.416,7.918,-103.843,53.788,0.048,0.957,0.433,-2.167,-0.977,-0.366,73.333,1221.000,1.000
72.723,58.808,10.510,10.211,11.089,12.412,-89.914,63.979,0.052,0.953,0.430,-2.289,-1.099,-0.366,73.333,1222.000,1.000
77.605,59.945,10.261,10.228,10.929,12.290,-85.788,64.194,0.053,0.951,0.428,-2.289,-1.007,-0.336,73.333,1223.000,1.000
75.573,53.543,6.493,6.643,7.119,8.596,-88.862,57.164,0.057,0.953,0.433,-2.228,-0.977,-0.153,73.333,1224.000,1.000
74.244,46.627,2.050,2.123,2.489,3.933,-96.312,46.026,0.058,0.958,0.431,-2.167,-0.946,-0.031,73.333,1225.000,1.000
65.352,35.688,-1.440,-1.386,-1.073,0.253,-106.671,31.837,0.055,0.961,0.433,-2.197,-0.854,0.061,73.333,1226.000,1.000
50.945,24.344,-2.948,-2.770,-2.467,-1.136,-112.601,21.860,0.052,0.963,0.435,-2.228,-0.702,0.061,73.333,1227.000,1.000
48.566,23.735,-1.911,-1.659,-1.339,0.138,-107.168,22.834,0.051,0.963,0.438,-2.441,-0.885,0.061,73.333,1228.000,1.000
63.455,35.824,0.451,0.639,0.984,2.592,-93.007,32.169,0.055,0.959,0.438,-2.625,-0.824,0.122,73.333,1229.000,1.000
76.199,46.464,2.228,2.242,2.722,4.320,-80.299,40.194,0.055,0.951,0.437,-2.563,-0.854,0.092,73.333,1230.000,1.000
76.688,46.714,3.550,3.384,4.092,5.569,-73.044,42.892,0.054,0.947,0.436,-2.563,-0.885,0.000,73.333,1231.000,1.000
81.360,48.827,5.975,5.722,6.487,7.910,-64.154,47.207,0.052,0.948,0.437,-2.380,-0.946,-0.031,73.333,1232.000,1.000
89.973,53.474,9.094,8.924,9.472,10.990,-53.416,52.526,0.051,0.948,0.435,-2.197,-0.946,-0.183,73.333,1233.000,1.000
84.472,47.945,10.329,10.403,10.781,12.324,-49.232,50.121,0.050,0.949,0.436,-2.045,-0.916,-0.305,73.333,1234.000,1.000
63.853,30.420,7.741,8.005,8.553,9.910,-56.089,36.520,0.050,0.947,0.435,-1.801,-1.007,-0.458,73.333,1235.000,1.000
45.741,11.566,2.838,3.060,3.953,5.115,-68.629,18.224,0.052,0.950,0.436,-1.587,-1.007,-0.519,73.333,1236.000,1.000
43.482,5.472,0.118,0.156,1.243,2.361,-73.702,8.835,0.052,0.954,0.435,-1.465,-0.977,-0.580,73.333,1237.000,1.000
48.964,10.228,1.505,1.401,2.520,3.624,-67.531,11.205,0.053,0.956,0.435,-1.434,-1.129,-0.641,73.333,1238.000,1.000
55.352,18.099,3.939,3.873,4.975,6.020,-57.913,17.465,0.054,0.956,0.435,-1.556,-1.038,-0.641,73.333,1239.000,1.000
61.862,24.209,3.817,4.008,4.890,5.976,-52.286,20.195,0.053,0.955,0.439,-1.678,-1.038,-0.549,73.333,1240.000,1.000
58.954,20.128,1.163,1.666,2.127,3.388,-52.595,15.548,0.052,0.955,0.437,-1.740,-1.068,-0.488,73.333,1241.000,1.000
47.287,9.328,-0.856,-0.223,0.036,1.429,-52.919,8.862,0.051,0.953,0.438,-1.648,-1.068,-0.458,73.333,1242.000,1.000
40.491,2.069,-0.380,0.161,0.621,1.969,-49.063,5.842,0.050,0.952,0.435,-1.648,-0.946,-0.427,73.333,1243.000,1.000
45.400,2.209,0.994,1.386,2.085,3.284,-43.618,5.582,0.050,0.953,0.438,-1.526,-1.007,-0.275,73.333,1244.000,1.000
50.231,3.479,1.332,1.702,2.365,3.516,-39.808,4.581,0.050,0.955,0.437,-1.465,-0.977,-0.275,73.333,1245.000,1.000
44.735,-0.556,1.421,1.928,2.403,3.689,-35.790,3.192,0.051,0.957,0.437,-1.434,-0.916,-0.336,73.333,1246.000,1.000
41.669,-1.465,2.950,3.567,3.911,5.377,-26.721,7.140,0.050,0.957,0.440,-1.434,-0.854,-0.214,73.333,1247.000,1.000
45.604,1.480,4.762,5.272,5.624,7.140,-17.761,12.531,0.050,0.954,0.438,-1.434,-0.824,-0.122,73.333,1248.000,1.000
40.232,-4.575,4.105,4.402,4.906,6.286,-18.701,8.684,0.050,0.955,0.436,-1.373,-0.854,-0.031,73.333,1249.000,1.000
19.600,-22.264,0.703,0.954,1.616,2.761,-28.513,-5.133,0.052,0.953,0.435,-1.312,-0.763,-0.122,73.333,1250.000,1.000
5.068,-34.579,-2.662,-2.318,-1.612,-0.635,-35.792,-17.392,0.055,0.954,0.438,-1.190,-0.763,0.000,73.333,1251.000,1.000
13.250,-27.335,-3.749,-3.375,-2.734,-1.765,-32.749,-18.157,0.053,0.958,0.438,-1.251,-0.671,0.153,73.333,1252.000,1.000
24.980,-15.816,-2.864,-2.505,-2.018,-1.000,-24.588,-12.875,0.051,0.960,0.439,-1.343,-0.702,0.244,73.333,1253.000,1.000
27.515,-11.403,-0.514,-0.195,0.190,1.211,-14.679,-6.518,0.052,0.960,0.436,-1.495,-0.702,0.397,73.333,1254.000,1.000
29.473,-8.174,2.027,2.221,2.673,3.736,-4.183,-0.006,0.052,0.956,0.436,-1.587,-0.580,0.427,73.333,1255.000,1.000
27.505,-10.161,1.638,1.788,2.271,3.485,-2.586,-1.696,0.054,0.952,0.437,-1.465,-0.580,0.397,73.333,1256.000,1.000
15.637,-20.035,-2.088,-1.758,-1.445,-0.145,-11.484,-12.610,0.055,0.951,0.436,-1.312,-0.519,0.305,73.333,1257.000,1.000
1.279,-30.070,-5.544,-5.060,-4.892,-3.682,-18.871,-22.221,0.054,0.951,0.433,-1.160,-0.488,0.336,73.333,1258.000,1.000
0.061,-29.044,-5.957,-5.552,-5.348,-4.197,-14.430,-21.133,0.053,0.951,0.434,-1.099,-0.427,0.244,73.333,1259.000,1.000
13.139,-17.464,-3.492,-3.164,-2.986,-1.696,-0.427,-10.796,0.053,0.951,0.434,-1.007,-0.336,0.153,73.333,1260.000,1.000
22.745,-9.567,0.530,0.973,0.997,2.440,13.882,-0.913,0.054,0.950,0.430,-0.854,-0.366,0.061,73.333,1261.000,1.000
19.332,-10.812,4.085,4.617,4.660,6.072,23.466,2.666,0.056,0.952,0.433,-0.763,-0.305,-0.031,73.333,1262.000,1.000
6.139,-20.198,4.874,5.298,5.551,6.843,25.713,-1.496,0.056,0.954,0.431,-0.732,-0.305,-0.061,73.333,1263.000,1.000
-10.075,-34.642,2.819,3.083,3.458,4.700,21.787,-9.056,0.055,0.953,0.430,-0.671,-0.366,-0.092,73.333,1264.000,1.000
-26.480,-49.349,-0.102,0.103,0.514,1.723,16.307,-14.581,0.054,0.955,0.433,-0.702,-0.305,-0.122,73.333,1265.000,1.000
-34.343,-56.733,-2.190,-1.968,-1.466,-0.312,12.997,-17.330,0.053,0.953,0.435,-0.732,-0.427,-0.092,73.333,1266.000,1.000
-20.526,-47.533,-2.704,-2.442,-1.926,-0.745,15.149,-16.269,0.056,0.954,0.434,-0.793,-0.397,-0.153,73.333,1267.000,1.000
-2.501,-34.976,-2.584,-2.288,-1.991,-0.722,18.779,-16.076,0.057,0.951,0.433,-0.854,-0.397,-0.214,73.333,1268.000,1.000
-5.684,-37.362,-3.458,-3.201,-3.155,-1.935,17.465,-21.796,0.056,0.954,0.434,-0.763,-0.427,-0.275,73.333,1269.000,1.000
-19.642,-46.225,-4.015,-3.909,-3.809,-2.790,15.793,-26.309,0.055,0.953,0.435,-0.763,-0.458,-0.397,73.333,1270.000,1.000
-20.064,-43.820,-1.526,-1.620,-1.159,-0.278,22.727,-20.453,0.054,0.955,0.435,-0.854,-0.458,-0.275,73.333,1271.000,1.000
-9.352,-32.120,1.886,1.703,2.430,3.269,33.911,-10.039,0.051,0.956,0.435,-0.977,-0.458,-0.336,73.333,1272.000,1.000
-8.693,-30.352,1.722,1.639,2.227,2.996,35.363,-10.563,0.048,0.959,0.434,-1.068,-0.580,-0.366,73.333,1273.000,1.000
-13.765,-36.285,-0.639,-0.551,-0.336,0.429,29.526,-19.557,0.048,0.959,0.433,-0.946,-0.732,-0.336,73.333,1274.000,1.000
-9.614,-32.892,-1.107,-0.849,-0.874,0.111,29.296,-23.277,0.046,0.962,0.431,-1.068,-0.763,-0.427,73.333,1275.000,1.000
-6.531,-23.880,-0.377,0.047,0.061,1.243,33.560,-22.343,0.046,0.964,0.432,-1.312,-0.977,-0.458,73.333,1276.000,1.000
-13.782,-17.343,-0.929,-0.439,-0.246,0.785,36.114,-21.569,0.047,0.963,0.432,-1.495,-1.038,-0.488,73.333,1277.000,1.000
-18.682,-8.990,-1.566,-1.155,-0.874,-0.092,39.599,-18.715,0.048,0.962,0.433,-1.648,-1.190,-0.488,73.333,1278.000,1.000
-8.244,7.779,0.186,0.508,0.717,1.545,49.098,-11.032,0.047,0.961,0.434,-1.770,-1.312,-0.397,73.333,1279.000,1.000
5.501,25.108,3.480,3.811,3.947,4.925,60.649,-2.726,0.045,0.958,0.435,-1.862,-1.434,-0.427,73.333,1280.000,1.000
7.515,32.060,5.761,6.083,6.337,7.244,67.524,1.613,0.045,0.955,0.431,-2.045,-1.495,-0.336,73.333,1281.000,1.000
3.436,32.082,5.340,5.522,6.013,6.727,67.847,1.297,0.045,0.948,0.431,-2.167,-1.648,-0.275,73.333,1282.000,1.000
-8.245,21.836,1.412,1.504,2.039,2.617,57.465,-9.926,0.046,0.953,0.431,-2.350,-1.770,-0.183,73.333,1283.000,1.000
-29.982,2.371,-3.012,-2.725,-2.443,-1.955,42.236,-27.490,0.048,0.953,0.432,-2.228,-1.892,-0.061,73.333,1284.000,1.000
-43.726,-5.974,-2.902,-2.266,-2.254,-1.811,40.112,-32.239,0.050,0.952,0.431,-2.075,-2.014,-0.031,73.333,1285.000,1.000
-35.667,5.051,0.797,1.511,1.525,2.009,53.194,-21.557,0.051,0.953,0.431,-2.045,-2.045,0.000,73.333,1286.000,1.000
-19.824,18.314,2.507,2.918,3.118,3.716,64.267,-12.359,0.052,0.955,0.432,-1.984,-1.892,-0.122,73.333,1287.000,1.000
-21.420,13.379,0.486,0.628,0.896,1.604,60.260,-17.255,0.055,0.955,0.439,-2.014,-1.862,0.092,73.333,1288.000,1.000
-35.055,-0.517,-2.054,-1.796,-1.614,-0.943,48.964,-28.479,0.058,0.955,0.435,-2.167,-1.678,0.092,73.333,1289.000,1.000
-40.816,-4.957,-2.946,-2.400,-2.278,-1.823,43.735,-34.170,0.057,0.950,0.434,-2.136,-1.801,0.183,73.333,1290.000,1.000
-43.591,-7.526,-3.019,-2.420,-2.327,-2.023,44.240,-36.628,0.056,0.945,0.434,-2.014,-1.648,0.153,73.333,1291.000,1.000
-51.237,-14.578,-2.160,-1.734,-1.717,-1.335,47.989,-37.538,0.054,0.944,0.430,-1.801,-1.678,0.061,73.333,1292.000,1.000
-57.156,-18.859,0.221,0.559,0.560,1.036,54.407,-35.476,0.053,0.943,0.431,-1.617,-1.801,-0.031,73.333,1293.000,1.000
-56.573,-19.328,1.453,1.804,1.995,2.304,56.506,-35.908,0.055,0.944,0.433,-1.404,-1.740,0.061,73.333,1294.000,1.000
-59.836,-26.869,-1.547,-1.330,-0.912,-0.949,46.979,-45.816,0.052,0.950,0.430,-1.099,-1.678,-0.092,73.333,1295.000,1.000
-70.788,-41.326,-5.555,-5.546,-5.201,-5.427,35.246,-57.140,0.049,0.953,0.432,-1.007,-1.617,-0.214,73.333,1296.000,1.000
